HashFunction,HashOwner,HashApp,Average,Count,Minimum,Maximum,percentile_Average_0,percentile_Average_1,percentile_Average_25,percentile_Average_50,percentile_Average_75,percentile_Average_99,percentile_Average_100
olv05mim7l5aob6ge4qtocak3s1fzec45knykyjm0ejtf2xfizh6q2ourkof6fn2,5finazz46os0ljqi88opss4goz8sqbvhbqy1s5b72010l5mfydn944xw9c9v8z4j,89udj9fvnqlxna70gieu8frunojqyp4ein3qu9ty4po63qe7k00i5qgmd9yik2wk,1000,1,1000,1000,1000,1000,1000,1000,1000,1000,1000
aa0zix48z7vmtedtpw2285wziur6turl8fkuv87plp5k4ud6iytx5h2ifubrqlux,jsft7anoolcg93g1400omipyx5djaowcxntndy5ey0y3tu575ig4f8sg8q98rpty,942atwqkv15nxudtzwxx9w2tq0w2svzgb011n2qpm48niqeydb5nc69xshwfym2m,1000,1,1000,1000,1000,1000,1000,1000,1000,1000,1000
wwz8x4ai6yza9ef21n53jc1dazyvow7saq68jqcaa6x8sbxygchz8ou3kmeqqjqt,nbx093kmmx7zoc75uzd63yjlfxhzzgrfnlxy3x37jnt4s26fsm6v71xn6xeb2yu4,g3zqne85lor3xxwp38vn9bddpmaz3c8lkd4dfjnz158mkw01q1ayv3uax2g0osw6,1000,1,1000,1000,1000,1000,1000,1000,1000,1000,1000
7ayphlwirqg9ui44d4q5624tppzpd6i3scqe2cr1bhpdfvde3ihnamx8jdcc4rj3,7t17zx6cuiezi01nmoaihplpoon5kjb0bydn7qig7ex75zjhj0si7m8lmtne18xw,eo932ey67yclo9op6uqqrkxx3m0ham3sgmttotkvg4jz0thc42xtwdmwjiaiduhh,1000,1,1000,1000,1000,1000,1000,1000,1000,1000,1000
2cb7mr1vf43w9tynibedx9353cmnj046mlzb0x8gsqblqvmkom1preis9tnmt8lb,vcr5tzjs96xwx2e4lsdx0figu4k9iv3oux8nn38bt7nf435bt07yw616elas59yr,xauzfcb17709968d3szjz6hqu2xrewvxbzjheam2mau8x4nbegsrvg2zl60g1u2i,1000,1,1000,1000,1000,1000,1000,1000,1000,1000,1000
tma9ikmshfdreaxoasc1i5x9txxdldumvssfkfghcgkbyjsqi89801ix3cudq329,tb869b6y4u1zadtcmyelczilfnncc5ial97387lb8ehln20lhgex9xd0h12n52ob,j3l28iwcm6wvei03cyj9aqc4jcxwxy77922l9yj0wnxbmrpv7e85tvizebuf8yx3,1000,1,1000,1000,1000,1000,1000,1000,1000,1000,1000
cpcc9ezq1307llqwzclmhgqadko1hvr44ej87p88h671dso647u9ys44493sp97k,hnn4z0s15h65l4v3tszlehnqhg6tel2h5vk6l9aaaaalyr2bov7q5idgcreg0eru,z9up4lvj4apta8fnejw1b73nnyucleozxd0f41w8hxyj8ir41eg34uy6kywv2h45,1000,1,1000,1000,1000,1000,1000,1000,1000,1000,1000
mjfk2d3kcyn5h66vpi2w70m9dxxhuxw8ytjdlcz69yb48bol3nhk9a5xpqu0zxra,z8aynnxf12mxdyxeixsep8kfovoqsa4urio6959qbf4eg9s3b4wkbqxnakn0es1n,uoratx6ibdn354xoe12bcnuzdap6r7msga1hv5e3r914geu4si3v247iwibfs0g4,1000,1,1000,1000,1000,1000,1000,1000,1000,1000,1000
v5e3n6tl79nv7y20vl2qwi1ovb60ri1wimcz56vqx75qw1fn73hfkaorf423yiyb,f7ctjuwywg97l1cu07oxacyynwk8asrgpcq8b9kr0wlz1000ac7ysz3lthyrgr84,qpmes60vvq8okbwiy4yhl190ghp9zondmlmiszfhpla61gwnzpaimh8uwwjtm4sk,1000,1,1000,1000,1000,1000,1000,1000,1000,1000,1000
q00qze2j9xp9yejclv2hpuxpq9bhvydz0xwteoqio3sp0jccym2vyltvvdw3conl,nrbac2dei0e8xjt830pe4dyhnn1hj9z42kbyfy2nhn610ed7x77h53ibqlhscjmg,ohplsd37lqskgxxnf8nemh31d3gfo8ntgvyf795l90smfyotxz0pa93c2bz38k01,1000,1,1000,1000,1000,1000,1000,1000,1000,1000,1000
x089f2499w1cg3ytf74yi57s7ty09i5hqig4gydvavtiq3kjbxzo8jeb5ojmtibo,ar951sudxfh594fe9t2hwgjjh8eprae1qqxssb3j0rk3oleyjoe3mmu2rdlv5tjn,b961ddet0eoh3m53iqefrumgbbjy2k5007datcr918yjw7d487wy7evau2zbnxk7,1000,1,1000,1000,1000,1000,1000,1000,1000,1000,1000
wecesm0hhk4r418uutk931zo722o99i7ikrvyozxb0jy7cfom76um9gfwmjtjgr0,a5s2cdzf3ao0epod5bi8jepwp1zx6s3847b4tymo0eg1gf3twv43u3buc0pal5jw,lp2tapor9xb3fh5fvlh2ehsaw67aqcuo2kjz4drx8b4nlyfoqly1v986pawpdsos,1000,1,1000,1000,1000,1000,1000,1000,1000,1000,1000
we95mp0abmdtndvczb8uug835kbl0lplgl3gfqfmiyblxza5welqqsb402axtsk9,e6nj4m2n4gq1rf3v0n4ml9xpi5j8b97ke2661570es4mdzfxue5ygupwyarg1xip,b6b37kwvkrfku1lsmmplcs6e1p3d9fvqrwjjk7qrsbq0u15xarxf7927ndjq8q7v,1000,1,1000,1000,1000,1000,1000,1000,1000,1000,1000
kmfcv5lmv2cyo5sirvytubikenh1e81hlc9jx7jb5z1tvovex0rymul3typf93u5,k9uc81avabwqk72f2g5akx4713ky0zhl6phll535te3dg5792pr3vq1qyaloi5xb,kr84a4x4cuolbmyihvnwnjb8ef31vihtb6zs8pva3m26zhize51gncizgyn1niva,1000,1,1000,1000,1000,1000,1000,1000,1000,1000,1000
bfkgnvtosceho01dhfw6rq6ajzq5qfgbislfdks3gc9h72v3e9569ssb88tpngcl,rt1n8jztvdkx1srbg55t2xreuqu57aq9wn4ltmxxo8kc0w4bxw72n4cbipllvw2q,4kru2ex38f9vvfoq926t08i85eo0cxqx4xjv5td4siwj92ilgxbjifgek85vufyf,1000,1,1000,1000,1000,1000,1000,1000,1000,1000,1000
lbgqzj3flww3h3nyd0ebukpdrayr0ud7237m94uv8dvr9h7yedwv369nijljpfz2,2bhbuvtcls7r2d8g6bm4lb5tunj3vvnoyhepucsl4iz8t48vl61h434piqve32g0,tnx7xkea67gg58i33enplqew18l6p2wi0mu9kkor8fch8bb4lxlr1kgywnp93rm1,1000,1,1000,1000,1000,1000,1000,1000,1000,1000,1000
2nlvm0ovdzr3gyi57dhddqz2eyjkj6fwq0we9zonecr5hdlxrojy0pkxrp2isltn,29a333vdnzyijx7oqr3ttsq9sorausjeb127v4wzglzwunrnndu8pjkhgn6oyqia,wu1djskeelc37p19vq7oaq2eftawa2yevewd7t74v71gwbkt9gxzx38plhe4299z,1000,1,1000,1000,1000,1000,1000,1000,1000,1000,1000
8hpy5fk8njjwhjg86rqgg4u6cy5jfa6vo279a0j9qu89vcowj0dag42il9dxpbf2,4l2pxigxrf54b1thwbxwly6ksv6ef483xrn6atekuhhqwktlkq84zcnnpl2wegoo,77gzgddqokkv87w8feh8top36z68u6ivaifu115pcjlokpj1hbysw18gxzzgqjb1,1000,1,1000,1000,1000,1000,1000,1000,1000,1000,1000
pcsdnulrbmnppt715wazbs0nnazrnowtbzezk3g9cumpini61xoaodlym6638qej,9j71afo91h4i8y0zwyqpt2bvgfbqziurn0793hhbepuu9c4x094nuxsiadpqb18p,iw4rxfc5yyysjdekqujsdprhendqen40nxc6sf5drftggs1pamg4jxugeifx14gu,1000,1,1000,1000,1000,1000,1000,1000,1000,1000,1000
tufi519ofk9flfgcpsy6iiijfhs38t2u9e4z6tgaxhcfm5n9qx1m2qo08ak0gaom,ggedo2gg89b2m60qzmb2bpxqjt7kdntrfb3g8i7nv60x414v9zpmpjeenm8siyvj,55gix2t218t0oixilk5e1on0weqrxc8srj5oitk5buuxyf37qbf9mtax4n7x3qku,1000,1,1000,1000,1000,1000,1000,1000,1000,1000,1000
m5n53ox33z83kpkknnbt0cq326nrhixrxqf0ot34w5m02xy81swc187fbqwgf35o,p28o55g28chzbdsrsjis6whbm097j5s5u0y4ir464hk8qo6q80s235py32rfjlzh,6jyxiu0o8jd53blywgmy65sve7yealpj6z2tlhgdjsdw7ydbwfqqbkzl7wfs8chz,1000,1,1000,1000,1000,1000,1000,1000,1000,1000,1000
wbco3f5symvnwxhii244oqvuq0ltroscb2uj9q2xnwebmulz3rhg1el0uh9du4kd,vreeckj13muta2gmv23eimcf3s5f8jtjvfwjalp3elncdx99oshasq06xi6jtke8,4a5keov6rc2yrepk130jgk9jfbpm0rf1u9spuizzlck8k3r4h8ktygh76d27ay0h,1000,1,1000,1000,1000,1000,1000,1000,1000,1000,1000
fn298c9iu4s5dw1belp2eo9md746ylx2wcf2v76ernxhqezpc45q9khdfv8coxyf,qmuygnqu2gi3gofn1iqiaxlnijo0pm923re8s17fb0tesj8yprykcfrqx7kd0orl,h3lc9rdm91kj4vwl28k7g2ws38zom6mk7nqikgh4gy42tnlkud2j3m2vol5352q8,1000,1,1000,1000,1000,1000,1000,1000,1000,1000,1000
q383cda0246ithuflhfqcmb0sa3gmpxyye5t2jw5c0gst6f9iug7jdf7mjm2njt0,vqzy8jq25qtn3n0qxsis5i4i1qrkj07464vi38ji6tb1y2njalgpc8lpvjyx0ame,0igvw7kv1kzodsrgl7x3m9pxn12uw2bznvagdjyrm7iv6auybhr2ihdyljx4l3li,1000,1,1000,1000,1000,1000,1000,1000,1000,1000,1000
atcxd8wg0q0udkucgu63hy2a7jc42ss5d7dkmfaevttkn8ole5r12t7qwscibl27,bn1rft57xv0se6ghskc2dlc1oemusv5us0328j02mp5oxf7j9a7i8vpu49c0l501,wkhfpxsiqh916e9bgfs9y0y2upzov73i89jjf536ozla6haoiqwnh0n0mdmacjdh,1000,1,1000,1000,1000,1000,1000,1000,1000,1000,1000
8h81kaszv0z206e6ecm8gb8825hhibilaqkvr0wjl64wjze7jnb3y2otibv8hoto,hbl6f1yu90usk1x5s29ni585kace29g4ran8kqr0ayglymg67win7fhagiluhdb9,uifsw17w3smmbe6cwam34q0j6lodf1kdjn7xbkrdhahi1l1pw982xxmpcakjmwu9,1000,1,1000,1000,1000,1000,1000,1000,1000,1000,1000
6smr6w5hy30egnj6kg4ej0anekfwfe5nrty1n7pvd86nubq743o3wmloaynktnod,gz53ir2yayfatyi8dtnpwnd3vbmr4ggb1ch2vm94j44661e8er1c5nc53iqordy6,j6tv7atng974vscn9ep7h4vce2pkziwsb5a6yh4f2pvmy14fuuexvz5h2h7vwkhe,1000,1,1000,1000,1000,1000,1000,1000,1000,1000,1000
bg5zlzab6wzyd5fdfsk4r5azuju2uwhv2m631wl3fazhqxzobk26h42ueu0fsvae,dzwz4i18n70xwemn3cz2wzm2zh3l36m5yb5fzt4utwvlqs83fliomse6y71v0u55,g0btgaz1vsgv74g3q5g91bhfaezjaui9qbtnjh3pg73oe1kvhqva6y0y1s67x09p,1000,1,1000,1000,1000,1000,1000,1000,1000,1000,1000
bhtlkbrxq109iw7zdv4z805ywou03y82m6x04mhw4rw7kulmuujbislv714waeu3,4kavuua2q6euh4qnjuet647rsnlma2h2ts9px4i1ncwp0g6fxm279quhgih0gtnn,hsacir7utsv0nsu9d2z0jwryazwrf76ztxmlq3wp8yoconee1hodfy0xefhkjrpp,1000,1,1000,1000,1000,1000,1000,1000,1000,1000,1000
nw6smumerf0zl2gu9e1c8l8jfspzjqj5qngv35otajtgu9wwv54mjdvadrqgfbzx,o0dl5qwx6djcu6zs5xji4zvq0clfzxx1dmz38cett9pcg2wpyh45q93kxkum9t75,6ig6k57rih3y6kbv5cucpzbd7accvf6pd9jvppfwiur9ffthn7u5huiwsuubpfx6,1000,1,1000,1000,1000,1000,1000,1000,1000,1000,1000
ve5ace171ewb3h1lq0y7phhzjd5n1n7n78swkumkaseqf39xhtu0v5ex6wnfnl8u,wss9frg3vtoh4xmo9k49qjezxk5dtfeyaepl19shx6qgvgwkivqqmdhfkdswu9nk,wttxwjax74kh5dvppt49p13hl58gz9i3p1jxmh7lign11cqp3h3gmaufjqqm5nxj,1000,1,1000,1000,1000,1000,1000,1000,1000,1000,1000
buvfu2fm9n8o9p8za1hsf6q7hze8n2wkeh4ajbf60hqbpds2tn3ekbanusp6whhn,gkih4yd5zccse0anos2csr5bc8e8ep25nvvjk3dr5hy4qnjl4tq6pb5v8zqllwa0,z0qzxzx0z8h1xooognyoqh7ciqgfijd6trxk1qdbmjbdcxs6bqiapyzaplo8v8ij,1000,1,1000,1000,1000,1000,1000,1000,1000,1000,1000
gipwjxd3yugpscumjm3m6ma0pdqhsyaxn1zxsb987nwxlm1rim57xz2loiusymgf,sk9dm50unu8hjndz2h1gpccz37lv6zjzmhgdbd9uhaii84hjb66c6y9mo6ji94nd,kf7uwkg41ywze0sxazthb2z10vfvazslgjsbzxyd34wmw749g5bk1px6dt1oefc4,1000,1,1000,1000,1000,1000,1000,1000,1000,1000,1000
5hvt0jdmj6rmp7l6399kf6zia9efnkjjukeiv30xk2x7f2jwa2520k7xvypcxrwx,tu6wz2p91vick9crdwzhbbkdfcpjhlf7vz3p29prcv2du8qwl2m9zevsa5krc8x5,2t98ruo7hib60bvrasv0111fsmz84xo65z98iut7d7f7ra8luud6vwxwjac928dx,1000,1,1000,1000,1000,1000,1000,1000,1000,1000,1000
7k6ug48db22skiox885ao1zt15e2sheuknsn8e5gnb52pe4ozw5mh0v7fan6ey8d,53o9lxzi8j1cs5r6vsibr1yq82qtppfoxaf1wh1a1i7q6v8bp7p1onwvf97n8p3x,9c0w6rlt3yfwr9vd9lpic1bhsu7h3875svpcipueyb6lj062emnn5qt3irkvbgb0,1000,1,1000,1000,1000,1000,1000,1000,1000,1000,1000
llat9ctrty2veoywku21nr9ucgrtsxtc721txof92w9ehit69bi2k7tmmgio7kbq,k203i1wlxh966r0c5ecwfvb2h0unrcz4fevu9b9o09x7i9iwb1x3qcjelralc4k0,7fvd2swt9sio2ntbc8gli4jaotw4ymsa3d8y9j4jfzr2nc76p8g5d9jy05pisddx,1000,1,1000,1000,1000,1000,1000,1000,1000,1000,1000
0mwgqppq4glbttvfzhao7wyirn968u65v8uwsn3w3j6ebp9kdlu7f0ndxcaj9u1r,31kxfan2tam9m03d4abxofucbwg0z58c5z9009ntp60zh73y8kh6dzua5yhg0utk,ycj8bn2x4l1gi2ypm9lwbo92eny668usga1oo9rruceav78vdq9q4rdqcq1ewgie,1000,1,1000,1000,1000,1000,1000,1000,1000,1000,1000
51s6vzrx3129mti4cm05a2mxy4mir0e30dmng3tjv3kvrbx3ixjaxj3od2l27vd6,2a9xqr4bwf4h42uzgr47hksuj8o3guroqpl2rxddnv6o9kh87srnu5y1lqpezvwq,0hq2r6ghpw83r1pdwsjoupr3wwyjnrs5ixq8qnxb8fnu9j0uqax364khz1gp3lnt,1000,1,1000,1000,1000,1000,1000,1000,1000,1000,1000
z9sb0e5xysrhl7iqeba2j4u3v0p5ef1u69ru850ue3zbnve83lo07725kmdqq4xh,h2cxll9zsyox8jo3ygxz0d7ojsc36mfw9ixxqz8jrmho8bjfkykdf3ovqxo50c08,2zwys8u28yvbquk8umy6mo2xpr2tnv7vw8ictyl2tbgn0n3q1br0mud6uimoyc6g,1000,1,1000,1000,1000,1000,1000,1000,1000,1000,1000
ldthlc6w0pevs0zkb9larp1938qtzeihgk52ke5ot74895z1dqk6d3a7yypkzqr7,0trl9r5jv662zlnsauy4pycakcmj46bwf6qi53i2z0859gje9t29cfrzeffi3i2s,p45qa5yptpbakp785beirxvrs90mjaf1drv100jm0l02i8ulznlcpgn47u6a5r20,1000,1,1000,1000,1000,1000,1000,1000,1000,1000,1000
w7tqhww7uxm7c4hfzfrtl1cd7bz68qnhdsp3kh64tp0bkp827jrm0opeoz6l79ho,m67161y394pn6lckp2ze9mzqypeeoalpddzj5lkgy3obdgpympqhbz6svge7w18g,vart04n6z0fqvmqoziaxfcgypjjvqi8zjtfugfdx1q4j0e3rvs669eryq8qjmh3m,1000,1,1000,1000,1000,1000,1000,1000,1000,1000,1000
dtd26myu9fox9q0q4p7s6aemmzc661k376pp1x75a8ofbd4o459d8rpjp3gh5hpx,9kqzt5mn9akfog6lyd9qem1irh3tchcll6y6x9kck6paaq91xhpikzyxlooxecny,sddmbjxvkx7gncdde44g5objalqjq3mck2rk73l3rhp1f2g4gh3ot7hb418ythwm,1000,1,1000,1000,1000,1000,1000,1000,1000,1000,1000
3hvk5tw8gxzphhf45hnafok7xztedkfwxxii442fdyc1g5tgvjgmmwf06rwmvkp2,2khtko8ssdzrhltqqlx6ob9fcpcf6u52o6uel77ia10yzrfyib0193gtpl9bpf76,13ctwfeczqmp7fvbbmbjdpv0x99udmyt6a1izakjdbmxree76f8uwpi0xn6sgnpu,1000,1,1000,1000,1000,1000,1000,1000,1000,1000,1000
w4q0pmo9sq0g3hg55wjqdvdcu6yb8m6b4hs5hzkeqvo0pvaqxcw2pmafqle6r9m8,6kfmuj9on0o1fencuyap989mbcb579dxw8kdgekieqoywuf8g98aod66ax8f21gy,x31ox2fn31ympi82sjc6eko22ratb6skkaw1h89uplt38bchi7y435x3c1mvw5y2,1000,1,1000,1000,1000,1000,1000,1000,1000,1000,1000
nh2trj7abk76izrfhs8hq599pc8pr21ptqk2jb81qtptmzdhnoqslokycs4lh5le,hjpxznznxv4e5x23cdlyqmqy1fo8xmnpjcjjqz7fm3y8vlhhunceijkamrutsbo3,x4ty67m5rwcw6nsej8o4xir4lkwbydyioq1djgcsdtqcq9kpw5gn6nksra6zq6un,1000,1,1000,1000,1000,1000,1000,1000,1000,1000,1000
iu136d22hqg4n6fa6owxey7joiva74ljwkowln3x0c9rewag55293kfq7s590xez,9z7hmj1iivan5vnf0hz1j7zu52cagdddwu26vhy0l4voorllfeekcotg43f90fzo,06po6ghpjinkcdsnzrtocebyyuf1oytl8ohzb3zvt6riu78rawlbpq2kjxejg3pc,1000,1,1000,1000,1000,1000,1000,1000,1000,1000,1000
sg7rzwjbbpmwqrkhi40zhdz1ia7jd1whl0xb3dlmodv0fffx4eutspwieronv16a,fahxua592pz4sf9facezn2dug6lbhefcpdpdx3pdvhfvf22uctfveycu9smnmgbt,ekiaj2cbrga2x4w73ekqkjp3x9x3nclf1p3pymfmh877u1bu2dtz77nes0cig5ij,1000,1,1000,1000,1000,1000,1000,1000,1000,1000,1000
8z0twtiiku5yqx10jl3yw16bnkj84lngszifudw0riyuqs6muzfyj3jlj4ya5ms5,pmmg4zs4t2yxvgkz1m19bc1icy1fhuv4vmm8y61w07p7odvcaxhyl64awo5t2fqk,0t4zmohkmhon1g5foy0ql5xtfxovt929b0mqy8pkweg0ax342k3da1tgd5ztghme,1000,1,1000,1000,1000,1000,1000,1000,1000,1000,1000
u2bdf8vc9lkjf5cur7yvp97h2uwh1dzplkmr9sw41fp1yg7ownm8yfjggv66drv1,hyq2chcqfsaynfzwji4ztylq8vu619ipvuu4x73c64hdvb20qa4jc6nztib8ukbz,uboxv8visdojvu4wwoea2nqy2undxlxcs72x24dpsx82sgggr5cz7a4jlfgelhug,1000,1,1000,1000,1000,1000,1000,1000,1000,1000,1000
9gx9uvthkuba1eflue69lharqiu9tkksg2xu25t65mwuhsubwouj3zwzftn1b9s7,729qdvjlb0tv5pdoi0jfl04x6ga14kutvnl1kkwv4bkthi51t44ujaih4d3d3gg3,l2l4tf3xwpf75qkfiuzckkociy4haemay64whln6vz5nq2b5q83gi6jqoipkk6e0,1000,1,1000,1000,1000,1000,1000,1000,1000,1000,1000
u70aluyzjvlnvibxbm8tp0mcqz1zt2ym2mmxsh2765229xd6trlvj5jkldh7c5j7,5gk607jpzxnwxviqlam3imhaij69w6yj6zz5qcoenpzto69jwwcy7yubuyzetg4w,sx3mayijjrps0xgtuoi44v5r6kc5ieph6x2ggnaon3jku3dbeuz6u7y4x6072bn2,1000,1,1000,1000,1000,1000,1000,1000,1000,1000,1000
doaopyk3tv5y4pcysi5dtmopusqprr57o03ob57u1l5vtwupidurdoplh8saw6ol,tld53pdhxiyqqmc3mkapd3zoshl14k3es5m22eoy1nzgehn8hgskca70vxtqf3oj,o4qs8ohqr2nqkysxger1vhaybfay79kza7zsn9pg3mzzrml2lf5mbulz9anfi0im,1000,1,1000,1000,1000,1000,1000,1000,1000,1000,1000
3t47gote4ny6gswo1v33prvdqn52c1ixznw4btfwfzhbzd3mddpcaate4cy0bfq7,tpmgfes6ysr0xbtgnk3btddvilhe6lm3r3986rsyc7num03rapqffupgfchs1zrz,2jbqho6gcymwamrf9u6nel3hh8xup52benc9ct7zsisjrk6r2pe95qizqbt5o3m3,1000,1,1000,1000,1000,1000,1000,1000,1000,1000,1000
lwswnanjtd1cmqppey0l40t64zxjks8a938nfgx732inum7ny7sfhjms1liq4rq9,9cz9gkpa7us6l0lkd9wtbx8h3pys4l0khjvlq3qlao58u5dcnjdchtq4t83s8rny,mf47e4ilpdvdnz11l7wnalomaa27nxduszymdbvphixw8o1lpyhlayi911jm8mlg,1000,1,1000,1000,1000,1000,1000,1000,1000,1000,1000
o0jdyppeqzked71npgw8dqauuee2t0sblxfckcpfpepc2hkmzcflomgguxacna5s,wr63h9gt02q91ndnn42a4go8gjrley43ogno7bsivcc2k7ine8t92fe118eg8t4s,v7n5x5bjudajacti5xfsjb3j3jnkpeuhxhu9ee8klhz7pwi1ii39kv6gbkrlbn45,1000,1,1000,1000,1000,1000,1000,1000,1000,1000,1000
kmxjld7y9u7m6ltn6a6bi2o0yfkwq7bzi0fhez090iqp6624748qxhijo9adtfhi,ivcpu3818xt3tpju9puhwduho2enrkjgslwbao6vk2mv0hnmmivkzqunci3j56qe,jbnz0nvivoo01u8m64emg408pkzgummy3fiqqniczsjodt2h3gkr9hms68v7zk2u,1000,1,1000,1000,1000,1000,1000,1000,1000,1000,1000
vhpxdi067rb8rbnlc7sc9gyhv4xilqdzxdygu26g4ke0xfez7jm1kylou2auyodt,khum74eo8kaky3a6kjtf1j331it5045kmxc5267i9cftd6y3h1rj5v952dzzylhc,wcgnml9z05djk869ju1ec6dhgxajm5nwpngaly8jt7jpxfl03jcssw9d5npveoo3,1000,1,1000,1000,1000,1000,1000,1000,1000,1000,1000
j6423ylyc0q3y6p8yys6fqwp2kxxyf7h85raw0ax8rf1zm8pjhoslp59v7rsfq30,2uqfezfud2pork0xkuj1tm0d8a93zkq9xi7mte0tyb03q0iem16plbi2n083vxvv,wlfkhnsp2pu1ic1wklb194syel2o2mg0vap8jk7t3ukjhj3wh2zea2d96yaxohcr,1000,1,1000,1000,1000,1000,1000,1000,1000,1000,1000
sfn5dc9g6hhw6c5tud83mq53hq5o30ta7o1d3704g98sukh0j89ezseox175430q,rgh269uhj3tj8tbc6nc8njkhztghmhwgr8i16ak9j0k2t6qvohif7rdhcbw1t5hi,rwnffinboj86vki2d90s6xedhwzkdhhokud5fdd5eha7b037c4u5lophbfez00ki,1000,1,1000,1000,1000,1000,1000,1000,1000,1000,1000
8oj41b33nrmfo1arjv34xw3i43r7mcrdeardci93ssqmx5viz3dbn6b54svqn1dd,iuzdbocdafl9gkqvw7n94y8p2b2tzdn01z4b4gm9m667mvwx0yk7ziippxk8zyjz,qzqtxood3z6lblzv6o6y41wxwpaym9krmv16akyf4mofbtndmvnk6mv0hv52gtqj,1000,1,1000,1000,1000,1000,1000,1000,1000,1000,1000
7hlsj3cyi3b5wk8o3es793of06qm5o3gin6quynewzspshx43x4p77q0jh6ii9h9,5jk9zg1280bra44afm0ju2sopepzhlitf23fydjsoqm3wgrdg1r9yn9euqpho069,ua1x9q67qxgdzs0uoti2rfidzheu93jnbq4zxjmz90qocjt3ac8e7tapfmsyk7lq,1000,1,1000,1000,1000,1000,1000,1000,1000,1000,1000
f6rst1uc1au419m4juygl39nszicjq1645bxrisy40xcrjgglnse9qj0cj4um9te,4knwyvhzqarzuxpg4g7bk8ypwmadujkv1nt5x1tvdsddejmvcjktr5tm947sijts,0dbetvh0k3ovzht4qfa7shteesxll1fsdex87ueemv5xd3tszre5duygvh5ti6jp,1000,1,1000,1000,1000,1000,1000,1000,1000,1000,1000
h16bpnofq4z2i0ry857sc6g2rwru3ov99j0hc51w85ebp3n1nm2vuhh4j7x9ye6y,a3wfbibxqwcwpindrhdx1l99riiqq9o2sp11i1my45114kllilk3ymivn7bwvxse,xnz57msr7njhbk215kw8wc0svwx80lj4jpdp25vdtc894gqayxyfmpe4neez6cl4,1000,1,1000,1000,1000,1000,1000,1000,1000,1000,1000
rb8i5jewechp2re08vl5t6byjrr51rok8hlr39syolrmzn1h9tzahe35px51vfdc,wggwcn83ljvydshqknobbs385tiht3lsobz1fjnxt2yvwcao6yq4ni4thkkcgudi,gbnlw3ily3bw5u44yqhtw0nb0czcv1c47relx8h33onvsl25q8bkm4qyg3mrgb40,1000,1,1000,1000,1000,1000,1000,1000,1000,1000,1000
kzmsfh1xj57ff7kplkpf9zejbzu8z4qhfgr6y9rdf43u4ltj1s9uxc59hbp8hkjy,oyq51944g5utjvtwck23zxmc9qamkdipt73bch9b1pwtfykwdx9y9udwrkvfoyem,ifg9pxymdr8ih93v7zaz6gdazr0dz11by5ukywol6c4tfp1za4popeg0m48yyjs2,1000,1,1000,1000,1000,1000,1000,1000,1000,1000,1000
9nok413ilat8fkgvv7u5cli95dxupzi8mv0wccsfu0r3ckxr3uwty2hag0mkfv9t,ehy2m8f92qos5927fkjxv5bjv8z55eu15fkk3zxd7ivx5ywjlq40sah0g9kfy1ip,wpbatg7tdjlz2fumwyq2k3yy3fosbct8tusg556o45b1uldfxfilbllnv3rl11n9,1000,1,1000,1000,1000,1000,1000,1000,1000,1000,1000
5ch5stkdqampeuk0mqz3ravhzfqstx82jnjdd8gzizxdkhq8h851u93bu9t0y1m6,sk2vds7ey51mmbqry1cc6hcx4ix63bpnjopvx98kw2muc7ivunymj6hwr8d1b1b5,l8fgrc6foyx5xkgawz2awd1dx21181lasrgufxthk3ui7ay476ycoru77eq08zr1,1000,1,1000,1000,1000,1000,1000,1000,1000,1000,1000
g3mjzs8t9lroibxho7gkme1qrz2uwy9j69ghj20bowhmji8mmuxzjspop1nc9yql,xlc2zsokd2frj677ocnrhwa30mw9f3gv3t3750ts4xajk6jho6j7exrggxbusddh,wkb2apdve41uqo8k8ujr6plz6xzuo5474lph3f1454za3obd9blwp464fr6sy1ok,1000,1,1000,1000,1000,1000,1000,1000,1000,1000,1000
xnxr5lzmyrxn1xoh0rn2tdg65fjy7tx5sz06s2qdu4wjweq2kabfz0gfks3faa71,52e44o5w1h0lxc6t32zvsvo1as15xedskjh4hs5pqt5opbzsqyqf3bfzhzvaz4dc,m30jld2lnntgv5dwviobz48hvu6xk82ufpy36wli4m7riwuv95yk1og4cwj55ged,1000,1,1000,1000,1000,1000,1000,1000,1000,1000,1000
ug0pybwz0q2mvvsis9quxt4lq17i64xmejxrwn4ifie8xjbfnvwzw5fkxkt6phom,u5in91815a37f7lr6iwo9xakpckhjxjcv6szspf9946u7pck7deyqkdsh6qs5irh,l8ob2p1wifewp6g6yixm4rqaoy63rwa45dpf3nytachp7lwh30lpha47xurd8eza,1000,1,1000,1000,1000,1000,1000,1000,1000,1000,1000
u2gstae7r8irvd6plsj01vfh5jpr09k7tgxflb56nv8kmstqpem3h9pgo6gecn22,5vnpdgst6q1g62ljv8pgfa6qdy40xzx0dy56cp6fyfk90ezxwsl0h140jc1shpyk,gko7sdiestlot8f3l21dlmv9a7magaktbghvkqxqy31ty2ldmfdzjxtu1shw21es,1000,1,1000,1000,1000,1000,1000,1000,1000,1000,1000
mt4xls3ow6t5suca5tcrm1pe3i6zjmdeky03y24m7wwss5k3qrsbbydbcxj4huhs,0gjvs3dh2q3aex5o854frquyaiw97cubmdv30482cqf3u5jc44bnka64o4xaetve,j4wk8wc6w6qzy218052pfydixulwg8gdy25x04gum9ee1ls4732yiewvsjpghh87,1000,1,1000,1000,1000,1000,1000,1000,1000,1000,1000
rst0gfmxgwi5odsfkqjqx8rxs3ivwxtu09oo8viyj7wa7tc5zaufxw2ypi0y57hh,3onqbldbg0djlyijpax3hr12oqo6o92crf9flb84f5lz6wvuc4j0mc28ngsikjw9,qniiube497r5qmygyjx1whcq26peqpecluxjos0ew5r0qoa8vff94oz59tv6ojt5,1000,1,1000,1000,1000,1000,1000,1000,1000,1000,1000
0iv1vw10nj15vqkvaw0r95h1j23eldwkt32iy2m51y5r82imp4pba3xdop6wb6t4,vhn3ni88zd30hn4i0c3htz3xu7m9xbunoe1cp21tyrj40q6bc7sapqumcxyov5g8,pp717yzybugbr70axx9cspzn2s4o7uu52arnnrxsdq6pl8owv9erena4kfwkk79a,1000,1,1000,1000,1000,1000,1000,1000,1000,1000,1000
9wz4mfvgeqxuwv9ji4xsd9si9u9bsbj6lk7le1796eht1rbf0voxnhb270a7ioab,y76v7rfy3gp5kul5z7j1wxryg9r0ih4c6nqkfuiwsqq72glbzrpcwouarubv963q,8zgd9q38g4fbcv4m5sk3ijvlv0nszmtcvux2sv6nsfqbgm1mqqnklrrrut0bg4al,1000,1,1000,1000,1000,1000,1000,1000,1000,1000,1000
zkolad7xefvxi72j3couyd9tw3ln3iue8b7b9zq8dyujtmiht9apy4ihpmdos55p,70dvd75j03c82p7r79jmuvi493ourq4bq03m5tua9jleczhclkcgn2o6mltis9ci,auo9m44y7es6naxedszuxw3wy2zi80js9qmh5fpd97q35ckhvutswbf5l4sjds6b,1000,1,1000,1000,1000,1000,1000,1000,1000,1000,1000
3zq8oxdp1kyeitnnktdcw4s35f6ay6fjxwsmcsomg8tnkj7krvjlx1iytm0gop2f,1k365teafsm5qyq9jt09plt794ppw1mge7y4677clo7q05q3fhusq71gx9n1enwx,n5cgkjhrda1e05d6bpxstmfsgirijb2oe8wyrgkr03li9vbpes67lfni14764au5,1000,1,1000,1000,1000,1000,1000,1000,1000,1000,1000
tr340bkbg2a4b8ouowh4zno62evqplcjuu6sltusmo9kax0a3mhbkt8f5sfx8hcj,2anzo9hbbbeldiu8zoycejdy5b0z5ps2mp39v5p147qwmxhrsgs9fv5vyfdf4zr5,4tqp3stg0gwd8w3bp97elzo9zyppuutzl7942iwi8zp4oqbpjjm2figbj4lalkw1,1000,1,1000,1000,1000,1000,1000,1000,1000,1000,1000
1940n03kpb7o8eldnd68x6j1va1w9cg5cd2fgafcgm0oma00450eg56hhnh394d1,94hg9001rprhh9i07s5kpgymoilq1k9piuirs3aq23brhpjyzcyx0agi1phtwg6y,t4e4vxh3c0u2pmb4fkid0tehkbr87xi1b1docbqjpff12h6kg0t4ps62g3jn801d,1000,1,1000,1000,1000,1000,1000,1000,1000,1000,1000
qjxf3k9r2wlutwy41vtbhye9yv9tvzcaf51pl78xf9mwjhfqwvvrj4bcrulmc21n,emlynd6eterejaeu6u5f2y8s5p5j5comkabp7po8s02cn0okkmzs1gcdjsa9xz0y,92qawb3waai7djs00ylhw1r9h4gsblor1vobm02vupn57wpa4hxkwbst4pi5ys1g,1000,1,1000,1000,1000,1000,1000,1000,1000,1000,1000
li1obpb007doudrnoqhws8bhp9gu3cpf0jkq46bm3k3cvhz3vjn5mwcj3kyuetq0,j054jpvrth1az40qs71r3nfr72h2occ0d9gjj4tj93s3pvqmgf6b0o5rvbddo7n6,3ltt25qlw41sh04h86cpmgoz7h41v0e15w25dfhwxruuljptpljevw0mcrfb35ip,1000,1,1000,1000,1000,1000,1000,1000,1000,1000,1000
mr0zaljxqg8qd4s40dbh1ddv9ct2osn6xxidemthfys6b6tpcfqj4un76vag9490,hfuusoj7i07ggciebl9jpy0o2duthugwhy54y4qxxq8z8lhvr2a2pn78ei2wet8g,70nf26u6bgyqjhv4msqaugtzxjy2vbexorjto18y35t9nywfh8tta29iora1dps2,1000,1,1000,1000,1000,1000,1000,1000,1000,1000,1000
i0v4l65oi0poc0vpboormhio2ht0obldm7t022ku0gn7qznoggmtn8zrmqfbnpnp,n3jai8zk444nqtmuyele54zh6rs4f31ag6tpha4yuka3z5rmn6iogm1gpdgyhiy0,t5z5nzt347bkluqhs9hda5q3j9oskbn5a1egjvoyxrlx3kswxgdwiw4kszgfdsbw,1000,1,1000,1000,1000,1000,1000,1000,1000,1000,1000
fbdx1udeooomlvrsbft6vzy2wlv3ruwlm2qjl55qa90w54nqfc64y45ekll3elz1,8ku6pd81y7lozqzg2f1m9b1vfxk1sfhcm5bcfdskwaa84r8hei151x9g8p2f0olz,q96k1y0prauinhtrokp44f9akm0ymmzl9sla7gxq0g7vc8irkb31ompy9iitxh31,1000,1,1000,1000,1000,1000,1000,1000,1000,1000,1000
233ao1j275w1mku0ey0aeujylrboxocf1yfkbypzcecqbtakepxzhkp6gynfil06,4c5ofkf3yek6u0pfn22n448i6o8p28ficbkvj8zzjgbn0fnx71nctfhulcwbrt4z,pcckrtb4600jvo2lnt2vp4eq0akxggg4syclhhtnwe11fedvjo2ioiv6of9o077w,1000,1,1000,1000,1000,1000,1000,1000,1000,1000,1000
si45vrfpxjvzytgih2xjdtqc2vr1cr53n5gugwxyznyfn31v5oza5tez23dwjxdl,o4642j7280emfetfj6rt5ho7z7aswlkmcataje4d9gou3zwfh0cms8sivcmu047b,ush5bt1v80i0wzlp2cyrqvwqgxvuthv71g97wmcz7belb9m4zmj05oh49x1skue0,1000,1,1000,1000,1000,1000,1000,1000,1000,1000,1000
hzh4ut7vvkbchrhe9tz0mnzs552vqzn2awzm1eaw4a4bi8bbttufx2xs3d1y0ope,pyti7c47ylroo2qsoyej6l8du52xj3x88omtfac8y4etc9fqf15sw3lg8af8636e,nmdovyb9klr1yy4fvwp78y7tn2go9diexygqmzqg4uhbi1flrea35dtlulnrucyf,1000,1,1000,1000,1000,1000,1000,1000,1000,1000,1000
83l6rkhnzewxi5kif3a4dktmc971zi922kqdau8wxbog3mzophk2fq2t4vip8uqn,76qgtwl4gz55dnlg9jsakua9cgy7gmmxhhrwd42braoso71zpg2h6bhmutychg9c,efw3h8c9uloi11m8zam0ksuj7pgndpapb4ruz4xtgadj2bkxgre9a0c91n6lpfnm,1000,1,1000,1000,1000,1000,1000,1000,1000,1000,1000
y6lalz9nup3j3lndhl589khhzovlys6l1trf4bi3qinvogellcfrvhozf8yegh0k,wkmre7mkxb2r1loz7gjk5ye3a7scgwaxi6q20slk9rn5f7e0bk4j5qirnmfjniqu,1ityvqgfh9d7yu13vg0nzxbf5783jlrl5z3bhkqmbf7r8ur2sjg8sddh71uujvy8,1000,1,1000,1000,1000,1000,1000,1000,1000,1000,1000
27d8tqja37f1bg7m20trwgl1i0gb5rjf963n15892rem2nsy7jhzs8a0pa9ocwl7,fk5qkovfkjgi59q6c1ltjcnl9hoaefsg11e3ck5y42ynit2piak3fouyin6lcyx7,ivd8fjse4h56nheqjk5iyofrodb79wfj605nqixlngupass3tlvnu7gcoriqn52l,1000,1,1000,1000,1000,1000,1000,1000,1000,1000,1000
wb517dnvvnghjcbn7fzsqd79hmr60j28vesub1ah118m9nnhhkf5cuxxybcz2h5m,z594g2vp69ky8m2la76ebzy8c80jstcbt3j6r22iqag2b3vi9x6ocx2dc2h1j0j8,mshxf7ksew4a2qelkoecraukim4tc0koggnl1fjww8mahf5krmr9bz9n623dk9xt,1000,1,1000,1000,1000,1000,1000,1000,1000,1000,1000
lmq9unabrpv6ueys7vi8oem0cmunkcf77ozolfvil2c5cikuswoplfe055zopbtk,rh1r4g2fl6k2ew90w1moijzofx9n6xhzinzk57p8slmbtnm94wgr2wvy1964pruu,1u072w1zd7cimoabs5isg7y3agu5m9bbn4uap8i6em88f0vygd1qo7b9scpp2pcx,1000,1,1000,1000,1000,1000,1000,1000,1000,1000,1000
cobjaf5lrfvtlfnspyyik2acdd5cie5133p31gqs644xbmzu5fxwiw0ry6tut4cx,xvt2e68h542xqde9q75gzfpv0u3ldnhjoivqmtx2dxwnaet8pyek3q43e13ushlk,zoqsdw6ubi03lrxtbmxldcn9wypmpi62ikdd39wnvfegu690bd2hp338g7nq4mle,1000,1,1000,1000,1000,1000,1000,1000,1000,1000,1000
uo3kk4uce30hh8pvmyl48myolmo86f9bxgzjbxj2fgavdrh4sf8gootssxfnz44j,w5ldtlik0nivq2nzszcpjwjowuqwnv7zd3su412seq83xp45e4ilctjj1jv5iwxw,57hfag9ncvc9os1a2z5wd45hpgzteebbwpefx7bcehv5qiw1mqiqkhrnncq0edbh,1000,1,1000,1000,1000,1000,1000,1000,1000,1000,1000
iwzgn5kuprqfbrmlp431o1npncnbnsktzzu6pg72rmi61g5wf3i3nrxw9z20l6x3,pmt9c68c05kwidzpvtqrdiq5fezt4yj8wdluw1s4e5477hmeh0yvcrhuy37n5pim,z9xie0i24mhzbmagbda3mz3eiq24ldvs9042min1mgaghxqt24mlrbuikp2s4f5q,1000,1,1000,1000,1000,1000,1000,1000,1000,1000,1000
049og5z4h628vlchxuk95yybjppzo4nvvmuhxiaik8ffnewhj6lxkkrqkpijmxvw,fezf767wl2hkt777qs75afeou7zmn8flbciedszsjeoie3b7rnieylyr8b9nc4tr,2vlnh8h7agyickpma0j8nz4bmjr9s3trvxx132nhoklzyxhvcodkkodl9x6pqk9y,1000,1,1000,1000,1000,1000,1000,1000,1000,1000,1000
vmpg8uke1fgdkzu5k0ure8hawwok9yyjpgeyofcflk1zosad5rdoeu3szf07qo8y,fv78bnvvcpry80t9yo03p6rqxu2i60qykj1is274ch2zlrvtmz729e0k3cug6b6t,1wqqv2ewpbsva7ezswr2miv58n0uyyg751sozi86uwin8refh7x172f079fzxocg,1000,1,1000,1000,1000,1000,1000,1000,1000,1000,1000
9u95ftrsjchg5hdtdty162bxfxkktvblpxxy6q50s3rl6eqvm0iwxqsq66ih1oe2,ujwpybjk2plklr5ez89h5cwl5du5ze8luhx23f3cmj1n9l6s4rp2b3hvz22uxkq1,jrzi4nkpavnw7ygykl0xnf4ddafi221mjy5wnk2ylvi2vlag4b5se8r58ddahp79,1000,1,1000,1000,1000,1000,1000,1000,1000,1000,1000
kdgq05ml4nm47ohhxoh978vogrsqucqye45dbh4gf51jyoxgjblke42etxp0qrdc,otpj4o4eplkcfp2gczljqathflj9b0igtqm47zmuqdeb9pfs542qj9c0ac22nq5p,1o7eew6rc4cd00uqci6ar7s01ujbk16lhi9ptj24k23rama8b57qfz0rb0een2ab,1000,1,1000,1000,1000,1000,1000,1000,1000,1000,1000
2exfwm1l2vovap6gdc63h7cz388iej9gj5h5mqyg36cao3o22w8f9t6dyyca5scv,t2m66yh6e88hxozl55diawg1uld7a0orm8zstu9mjkcnxk0cf06uo116d8a3yram,o26iroiiu2es1cm8tbmoxoach1lg88a72lyau1co8ehk4lss6b6evfln2e092dik,1000,1,1000,1000,1000,1000,1000,1000,1000,1000,1000
hpdvdj9fd2u568wbfwyi425ficmyla76ca3gxqfp709f78k9t4iocr18ygzbxwat,mntvj4ml8pw5qr80vsdposq10dxom4qbckdn31roydn6fki8afebp7wxnyje7bmr,3zaukhjxbppb3fgyneaajggo1oi3nlhprf3k22qjm61p6fziebozfyqbc7aeaazu,1000,1,1000,1000,1000,1000,1000,1000,1000,1000,1000
zeren5h6chl3l94ejs5bajfty923ul6rp2hldi5cujgscu94ojbjpvcnha1ekr9a,hyi3mh597ags1mxiyxpo1w5803do8x4u5pw6err8kfvlej03qai5z8h6bezypxi0,casjkrvn2s8zorfj14e5831ztq6f14qoewjjd7x7fzx4gtbglg4l404mz8niefiq,1000,1,1000,1000,1000,1000,1000,1000,1000,1000,1000
hzt3hru9pr2g03maapcujgpcagoroh0uayyfanl0ds0bvcc2cwqnjesozkf2bt57,psdbswkz4ujs433trh8hhgtoc42o666lomkp4850cg4lgndekjhu20aiw298xosq,32dxm5i84xgli6pbmcmh3rs2btsa9079lvdy871r05iv4qqoxew426dh2rb6fyh7,1000,1,1000,1000,1000,1000,1000,1000,1000,1000,1000
qxfx608pf8zxy9g2bmirr261k75ly8s9d2b9keyaydslb074y2eyp6tqsqpaiav3,lj1am8sw66jf9ukwkvaio80yz1f6dk0hyxm6eemxo0k1c7w3vb91iunsxd6ez9m2,oydd0masf0k2d1ibjo6bvs9gkbcjy4mbzoeek79h95ta07uy3rthx0f6c8r6jziy,1000,1,1000,1000,1000,1000,1000,1000,1000,1000,1000
2za9z3mnx0hhu2ux5wjrbvvntopaur112zq4w4sjpp24f79a4cxcrz6g4io63ssc,iqow6k1jd497tlbjcie4ps2ugjfe1mhzjxg3mz4wewvj0kokvhg7xz5wm1kjpfp4,fvagpges05irvrv3acacsfyxpg0pa1yt3ykngvqyhq3scrujisytsb7zf7tq2j0n,1000,1,1000,1000,1000,1000,1000,1000,1000,1000,1000
wf3b1j9c72693p8iz4d4j0hurmoiqxjx1e4ja4vewmj6995zngbydf3fncypgdts,tpc1n3duscqtncmc2la92ki8xxare3d0fctbp05jdy49vded21452pkmlj0hkcws,lo828p6znqsjvywdehwj7h2vz1e1p78o3b255kij57affjvvknif1dxcjo8fx2gx,1000,1,1000,1000,1000,1000,1000,1000,1000,1000,1000
h7uxattytzhrozcum1ogpi5mwkgwnz6l29hqqcu397wtkt5zbykvvcpjwkjik4e2,p8p740wl7iumbn85bjvo64ncfpe6fxqxmz7ziieslxzhhb8jvpxjl58i010lhrce,4jq5nf4j15ku216bi2o5svwo1b4pa30p0y84tghc3hqg64eti6m0lrghtn7xrkvd,1000,1,1000,1000,1000,1000,1000,1000,1000,1000,1000
9yf0ciyy4ekso9auwoovd41s1uy4r8cyl3z7ty9iiutk71yz7u6p75q7wrbaqgzh,9t27ebtrviik03uw2wuays66ojsexmulkphs5zhcnu4cxwmtt07rwu2v8o0bj4rp,a5n9vthszmb0qb6ucw6k7e5ws6fudrm23k2b1k8c9h6nzwz8zdswr2c664bh5oz8,1000,1,1000,1000,1000,1000,1000,1000,1000,1000,1000
fbsrugerq971l4y7cs4x42ohmy91rr8ymwxq5m40e06p9tihtwgnvl3ywcb3v7a8,6hnim53mdaf4k0ap3zldtjvkwfu6oy4mkue8yn9t38jysps2c084mjawuth8ybqc,cap4tc792679pay6r4z4iox2v4qbrbe9qiaf7czh6g0sg83y2o9wgj30wwgqadc6,1000,1,1000,1000,1000,1000,1000,1000,1000,1000,1000
fio8s5s6zxl9452ors6xbachcsu22zgu6tzrz4y5jcu9miowdygz5kbuy3acqtjn,5huu4r4mcjh10pd68mouxg6bqv1137pleljzsw51yfanqwailgwusj1f3k3jumqf,r19k89gy01kb6dwhgov4ffga8r4xwt438b0wsyn0q267oq0pkv60xfkav2b6f5q6,1000,1,1000,1000,1000,1000,1000,1000,1000,1000,1000
703xfxr2qpq2movo4j7lszfc12rh2ui1badne03xvo5fcuczjp9wpunvxntqj1fl,s51r92plcq2jccgiq1l9i8okbxxvvwjej4ckl7kxclptn150x2am525f453z9vbw,mhrq0h8tjc30xyobh9g19hn2encd046szhuwqe01boc873pv9xxrx4qdwanuvw2b,1000,1,1000,1000,1000,1000,1000,1000,1000,1000,1000
xr5wq567wo8dmi54g98ugo3qxz47lgks61tgxriylj11vedbrb4grhvrtip4ubzt,ouvn9jq4r807hgffuqgaic4qx6rr1cbr19afoz3s42lsnmdwp6k0f4s84emp863f,v8xg5f6jiddfn0e5jyzowgehrnb4i0k3weaw3lbndwwsxd7v3ilg9u7h5n2h8sgh,1000,1,1000,1000,1000,1000,1000,1000,1000,1000,1000
wdph9ejhe1qhpj6mibmzad17nnx6xylapeo5jgiihls0zeyw7e2s1wzwlg4lbglr,mbuqpw3kcsudb0zu2j6bi1of78zqfw8govrpx41qayslb8wlt7tyscd5tt3fxz73,a32q73wlooh3p0ooyejqe2vp8na21fcxi1bp987rjwvmx3uamj6ewxqkswyix0qe,1000,1,1000,1000,1000,1000,1000,1000,1000,1000,1000
6ucv7m769bytk9rh2vqahys3ens7hcdbxqd9fniddo6qsa21vc2koi0dbe85k2xk,85v0t4bojor4bijx0xf8mv8f7lxajc9svglj8yqvmx0l5ix3a33tlc5usguziuj4,0nx0tvnkipn3fvl0ds4qz9bx5qwb8fc1d3orfkqw4fvyqqe8jw25df67earo8012,1000,1,1000,1000,1000,1000,1000,1000,1000,1000,1000
wpjv4lv29uztwdjetz1hnchtx80qx6tvkpbvpt7ohq1foz9822vkk9tbadl8yty5,wyigbe6r79ueeec5a6nvwmnu6rhkyvop2ad8t1b8am5c5zo6aeja8nq4iusmi4lm,jg638pvyjru6fxrfnr6ohhj90mg65vhrqck5swmglsvj84hnf6noayryuwgmuxpo,1000,1,1000,1000,1000,1000,1000,1000,1000,1000,1000
dd47faylj2jhmuekczstgs80l404vzt0g5wz5om1yky3ddjodq4mbkm12uigf3t3,2v34o7mmibrw955jtjg9nfgu9neukhuq3d73vfmhrz73s7ntg43p1nrpuwo04igl,5cla8z4ywzfthsjb1n99vv38ifr2b41dsj38h3qobeusn4m73a7h1mykunavp2dk,1000,1,1000,1000,1000,1000,1000,1000,1000,1000,1000
h2lukhsmlnslvl6r5zamjlhocagpko8c4w55867rb5s97uthjzadpm4ob5kl6w0b,yiqfkj7hm0iiedyiop9otua22b7le1budfr8t1pwh6fllpaio30fcx9dlab307sx,8iw624t7duxq02z0einh388otcktxg4lxhgn0u5z8jamopz2884dgqcx2u1pim16,1000,1,1000,1000,1000,1000,1000,1000,1000,1000,1000
88230xucfd85rx3hhsl1q4hoblmqpofgjgo607z9x0j6b473w75s8mcidydpzfoh,oymlbk6y9he8kxhcpxiwpen271iygtke0mmxggcjekvekqdfypb1w4pqqaxd5rvu,j86mtbfunucwkktkyuohj40irrgtajy5bp7zi9gnwx1axg8jdsz1hecvj1bc6p41,1000,1,1000,1000,1000,1000,1000,1000,1000,1000,1000
0une1w8nqru5k26j5ifn06d906x3fbua83qfs2c8uxe59so4bkaf5p2bj1hcg00p,4tjfjfcdaf1dmfedrl5pf9i6hkvvemj3w9nl77vq7ccmeq40pfcayqbxyr1y1cun,u7oe2pwxxknkjtfx56cok6zz135wui15e8iay8m8bw1tdf33q86s5yja66iso1y1,1000,1,1000,1000,1000,1000,1000,1000,1000,1000,1000
w2cwwpuqg9n9wqxf0asl8fdldhukfa4xws9dszsmpsoqgtj3ljobesha7cneeqy2,thk9xf194711by9awtqfmhdxokpjplju7ci4b1ud8afo9e9hks4lpzgd2q9nwfcb,umstg6376y3nyvn3qfmt47c7wp3x5saojm3hqxw91veszqqoglbeu5sqqpclp5j3,1000,1,1000,1000,1000,1000,1000,1000,1000,1000,1000
jfewzapxpumo3iz6mfcgp7v5jxyjte8p0f2kdcs1avnwlh79fa14wnnx6ib6ooxu,t88l4eh8ustd0kecm268m88lfe6aft9ivf2rbtg39revnzfo1l52j9g693osxts8,fhqoex0bavobfkale1zihswjskcgqum9t5xnhdk60bljup441sm5ez33aozwz9nx,1000,1,1000,1000,1000,1000,1000,1000,1000,1000,1000
vwl826olrp1o1fzp7p8t8nwih1w9yg2ftm2ww3lc5dm9od1wuuvkk1ur3ucc85l9,c9pxygjil0f8rrmcw8ddcze6u1y08rbauw9flbjbyc11aofwnj7cwhc6pawubpyr,di6qehzaavzh9lg4xiludm6vb9tncxqob4p9mh19ldi406d8io9fzxdxbpaqfyvd,1000,1,1000,1000,1000,1000,1000,1000,1000,1000,1000
d6s4gjrzvchsn7rjj427ajtc6jkl2ebbk78zrqqecm2t0o2qdj0a1xd48nflhnho,bwpipvcvf5v35mtn664tdlgwh0qyf703lokdlp6etr68oukd8g8sst8atu2zk3vb,y3euk3uo40n9r3v371j224av9ngp219dyfd6gewknex2suk7ezocraf0rtj9oc21,1000,1,1000,1000,1000,1000,1000,1000,1000,1000,1000
rxn1t8ieqybot3z5bg0zk7pd84pc6qpo5puan3jnwsjpecb8bewxkrdxqxtnwchc,n2pgs675s0wvlm7ma9lw0vg9ch0zoo6iuku64a30dftuzddjns2katkb1fbncbko,3wqmttnsnfl5zf451b9jdlfbmuu86qwdbe80ha7i56jvi9glwy7m0bsfj2c22fxo,1000,1,1000,1000,1000,1000,1000,1000,1000,1000,1000
zs03vgtfgtbocuc1u5lx6zqm0eknqhvpg4hzdn1lwsiva71dufjntkfpp3m7gqj1,qscwwnbumix18tm6ruu4kgm9znc2zjwup9k4w84etdjnspdebgx7zfwi2meehnez,q3jzs71xtpg157nzeait1f35eww1d1wdizpn4o10vwc9nlgjzf8ds1vlgj7guqx9,1000,1,1000,1000,1000,1000,1000,1000,1000,1000,1000
m1798r2xsvbdlx1io15l1mxwabzsg0ltqfrk8qseix8hd0iaqa3n1iz3md998ufa,rnfbxjad9qpmnxbku4r43x6acuk5k14tghml1ybw4i7glxok34bfgmnoa9pyybx1,mpp7ec0q53blu83sity08de9i05pb77qjnoi4m97b6orhufdyo3s3oyuex1v129t,1000,1,1000,1000,1000,1000,1000,1000,1000,1000,1000
j2sscpx78y3yvj6y9kbnk01b6qqyib9jkwv93mom1nsvj84sypzre7qi6bheg3o3,bu7yhftv8b232nkzpfj8420phv8jtkxdz0h4uyslbevz3mwpkh64q3ihso38a69x,7499wbdnl6capua7cljdhlr03gpc5mg6i6v5lx53tuwcrj6b4k3n48up750dj5an,1000,1,1000,1000,1000,1000,1000,1000,1000,1000,1000
nluj24jbfoffo4m8piu510g2d746chlr073lyc6wkrntwqnl634eghiipm792n2b,13g0t2yym5zcl7e99ajx8k67gj7mcxhbnxg7cz0ajzimfb8p7oo4e7b1by5q789n,c6h65eb7v824i1ke5qn29wasrk7ofnnpcs7hje6vbeoqiatkoujyww7bbrd84voe,1000,1,1000,1000,1000,1000,1000,1000,1000,1000,1000
ddq588ad3yqwy5d5w5kbyfuflgjurm6qgum6gqlm1ruhg3q4johopuojuu13zybf,c5g8v60otjjwobqz1iny1gl7g0oposcdzd1j2gauj85p7skfuthogrnk0c971jtv,mvegly98mg82niuoqg03ufwjgpx79ee7dqxlt3kmrgx38uv89g2kgnejojpewrtu,1000,1,1000,1000,1000,1000,1000,1000,1000,1000,1000
n2jrvv9n4mk8qknqr54btr88enolv2a1hg8aqt8jtfvwf1ifnr5w2yu6u8irgkew,kedoxf00p3k67vjzcrigmndwikmnpb3ir9zalikx9ljbs4noj7n1j919uycq32h5,83dopxn6y8ouepgogx8ectn1m2lmkt3yebfy9pg8qfz7keht5c9xgivcncwluaah,1000,1,1000,1000,1000,1000,1000,1000,1000,1000,1000
uc556nd75hxi7cyu0th0lhahmsfaiw5hzhnwulwe97dyizit703pdwrvqk0n2mfn,i189g2v8ptb9yz84gnzmjhjh90wjykrek2mz8g177jjbax0y9ikqwsaoi3jtk35v,teks2frh6ufbbnz15flyew4ozgoxzaaeg4nmqg1iczalvqvbwkag3on415czd2rf,1000,1,1000,1000,1000,1000,1000,1000,1000,1000,1000
rlrnoeh1lrn87ij8b1yp9a0h64ijqhmst2tw7u02d7edbt038by88gp5zt2z4fub,o4kt345b05btgfubfwdy4ccuxvvuo76lzu3u06mbbp2gtgsmz8uaqurwk776f8no,1sni0k8uk0tubgha4c0wk42dk6hpkoqwgjquwuy3j3f2ywzmwgn72f8dzdncgzwb,1000,1,1000,1000,1000,1000,1000,1000,1000,1000,1000
klxyi0v9o1lrarge6vzze6wm4sodx1m43ogl4nngrlb4jkg62tn5w77bnwaivfe5,k32uaxokiexpb0jp8c7hj0t0ppgqa57eb5s95faehb3pvppmr8m8dfjvhb45j222,59odctxuc3ktm8dj5yzt8yskwm4zzewhd5ddhsqmx4h68sa1io31dfo4704wi1rz,1000,1,1000,1000,1000,1000,1000,1000,1000,1000,1000
krwgyht25vb0gd2zhq6x329oa42o7zx69u4dueo0jf1dc21tfrto011j08dytusz,xgrhxuqcj3koffu7q8sgrcybajok9qoowjgq2m1tva2nxryvd1loorlapd053x4u,dhdx6l4sb3udmupngdepz0c1e5yhbkxei1gth8mjpmkbgrt6ags8t6447hzzdkiw,1000,1,1000,1000,1000,1000,1000,1000,1000,1000,1000
0sh3ub7injd0cyfnzz8a67aw9ti9nnq2qg18ocbroyh3v4f5b68djs5ptzyh12k4,a3sk1y7r8ta6gpowo2q7ezsivdhrpiwr3hqjb3pfzr820pjpcdyx3th8n4mtizt4,hrmtlq0j3wqrgiyk5oyox8k8dn4by5xztfjaif5zek0atc7b20vw3fc7bd396x3h,1000,1,1000,1000,1000,1000,1000,1000,1000,1000,1000
a78tw5p3en0y4r1tmdn1ics3hyq38gd9qo5f92n7e7ya57pkj2lxqllnyjkwlqe9,3mijb1gj3tgzgzrnboi90xkvuahxzurl48hva1jbnegf31xojs7vjuvbwq1n7pq2,hejgje2r7oyforb08vxogdlqtir6tg5szgrzbr7y7ppod2jzhjwl2dvohpv95jw6,1000,1,1000,1000,1000,1000,1000,1000,1000,1000,1000
6n88id92he2qp9t2ekiagit8o43gbz7cvta2jrehp38x3ufu5704ra01ozwln7j3,xjtji385rk57kkzxbotsyy9dfnbxwbx8vbppnwxc35v7lv6uc2c4plva7fky8o5v,w0jqu1lxtstqr4152rf6m28a47go44hsq4llh6y4c0ru3yjab77a7dz6p1jabhyx,1000,1,1000,1000,1000,1000,1000,1000,1000,1000,1000
sfedtbjlge9nfrp2tcxshdmj2jvoz3vyw4kecuxic6kndhpjdhim9rxhjyii7oio,6i4bulzc6n7gp8jn8wt66ucrimjrq5r150631lskqoaap9irbc0s88io0ezihq2s,e2ciewome70xj9mjifncv2af4l293pf889wkae6y8o1a9y7ybcd70k74ce6cqr67,1000,1,1000,1000,1000,1000,1000,1000,1000,1000,1000
33g1ic1j8d5wfr366ehxt1bdo3fyrlwfn63rglcx9kbh3vsyfoswbmjfmywv7bnu,7w54ap6f4gy2zxmfu9a8qb793oy8kzozya42wqvrpxnblequ4ec7hswkbnkooupk,qzm4xr59ifpfbc612zgtynzwth12j5fqccrqsjpbpy3k8vratv2e27x1ncan0mxs,1000,1,1000,1000,1000,1000,1000,1000,1000,1000,1000
pltun5xmjlvcnn2vpoph3d2qwqahh5v2feakxqye3uq4osfic5iohog0eu5ewq2u,wo66mx95ranhq43de9jwgdmsz9r3u810iqjh1cffgknmdbr2ox3744d0kplb0qgp,gz5rul0s0aaqy4yvxjv0vgwazi6ymcqlaptfuixo88762uq1e9y7ufg4ww9yp7c5,1000,1,1000,1000,1000,1000,1000,1000,1000,1000,1000
reb1hcpbic6dslhlhr18emek8xtta822rmnypzfle9mlyozpjga4rldxzkfkc9a5,ier6g8eytxpgg5a6vkpkb8mcuxfpy0iy8ebndbk82n63lnqw9p26wh9xwuo5bxd4,394qrx7gkv199zfi7hmmeka161dvsea5nbw6yf8ff9h3a8hfu2jit9f470od4zy1,1000,1,1000,1000,1000,1000,1000,1000,1000,1000,1000
2d8ut89yrj5eqax25nk94v3ag7sxrhyna04u2uvenif4l33mpr7eghvbnt9orvtr,vl8lptzpkfizqx4vl8htfiofo17ffjcm605sk446ublxnu53kykz0b0n71utq3r4,xzz49070t2t1wtua74nspfrb3h5s1k9uuw3e0wns56cnr6ktk029r5o5d2xzd266,1000,1,1000,1000,1000,1000,1000,1000,1000,1000,1000
7t1hl6fup2robdcnqm64id5pi6lgm2qtvueggxw67ml6l284gszu4hku2v9t4xcu,zay8yd2ssxdj4xvdhm8cnch91v27ki617197d1wted85hzfnn29ljyp7vbepfww9,mzkgxje643u3eiunx5mxcbel5214jc3f8a4mvp62xk12o48jankxsseahaoab1ye,1000,1,1000,1000,1000,1000,1000,1000,1000,1000,1000
f7hg4zjzt1drfvzbw7sjjbt1hbbicl5lfjbtbegvav6834gabhf9s8wwgp8oo2qf,13mk33be927e3y0714fq65be6d344gdt3g2glrwfdfloyfdbk52br0iaaqrk4zbg,s09lnlg0s4y3chd59hv2y2z1qmxiob3fa3zo3s2x6masr19xo2bforh6j3co8o6e,1000,1,1000,1000,1000,1000,1000,1000,1000,1000,1000
839dttjesiep0fq45mivz3szvpgwadhzutlj8j9whqic3q011mdffu64f8f7yg11,5rscjd11045mhnxe1cmyp5u2g4mut811a4vi6r35rac0zu7j86pnekrr60sjbveg,qy16jb1vpxfswhimwc2aw253wx76gi8b1w8e9dsg3kiuzeau8u7hzvdqbii07jo4,1000,1,1000,1000,1000,1000,1000,1000,1000,1000,1000
joz2thxf0luw5c9pxjxsaxyoowqji5wxg2k91nwnh5h74cy2sw205vdx2x75p59v,tgvlgf4seaorcr8ejax031zwqs2qextczka3q1fp5am7ut8x5tdblawz6j4ejxnr,r2u5ta5bzt039sged870z6tussie60cjlprpo5zynzemi3ybnrzl6u4fbrdjdhbh,1000,1,1000,1000,1000,1000,1000,1000,1000,1000,1000
4szjh68hpt0khqesb15j3vbeq2e0th29dnlh2739pv09i7m3ljr38dimc08symuk,ul5cqu6fqb9tgvcr1i1d05d4wov2tqxc06lzlvdmms3awckngnwia97gvt538r0u,2ct3bhv0jxkyrril0gikk7ryupua1fvb5mdwv8407nga147y9u6bxyx6m296e5rp,1000,1,1000,1000,1000,1000,1000,1000,1000,1000,1000
rpltvco0sqyqe6f7scikpwh4r31f2jtg7o1quhmxwex7x7k5qowl2rp9ezi9b4qt,zhorjq34rrx5u3av7ddl1xucd5rh2awm2bazqff5x68pf729toy2iie51nik0b47,2ugl7r68azoyv7l7wi4xnvgicb93blccfat5rfuxsqyuwr4126h3urwg7y6ei3an,1000,1,1000,1000,1000,1000,1000,1000,1000,1000,1000
f7coa6t9q2q5st9jmqu15tzczxjsczuks4dg37q175w5y9vwjj0av60as6d83365,vuclo50nhq3r6ilws10t5wpw5jvu65vgeklr1rw7gqrhcjn0ma1m3rwney1ycpj3,xd9oce68t8ur4jmby9ofqkntr38vwu0x86ncpibtg2fuuv93yxn0yca974welvzo,1000,1,1000,1000,1000,1000,1000,1000,1000,1000,1000
lbmz3k6x1cbqwky8zpspe2xxll4tx2iu2s6nwba60znrdciybx0dagw4se4omqjy,e7y2shkdiadzyajrot8t2qsqpl1o9z9isuz6z3jw9gpxxr2olfuyobrey9uwpaln,wsitfjrbvlz7r4r8hwd24okmsdi9z8mu2e2mzdxsp3dvpwelckjxzxk07ud3k3dm,1000,1,1000,1000,1000,1000,1000,1000,1000,1000,1000
xkx0at9z1yu8dwag1ydeasd2k1ynuij5r3c4u85wfvs4mnb6lad94h2yvh1qhky4,pbs2itt76ynn1w3j8u0vfcifuv0qdnfcadezvvujme0iu06fp2yuhxmuh73k1ypj,ncw3yfy1aejjt0cqcrabm39ngtyvm7rjixzaa0y6x7yzvnfu7urz4vubtpljmguy,1000,1,1000,1000,1000,1000,1000,1000,1000,1000,1000
ckq114ssxv9dkqvotlotlqox6fr84twwi0m5gcn6bhbh2vk137c5q7ii0gue9m19,np7wofn3rptgsh0ufi2cy7i4l4n8k26lj117lzfbd0mu6fdh1jdxmoj4csce2eqr,t2yyf8m0ql0syxw9l61awe994u5i2tamitd5m4p3fe4znwqiebalpf6zfg5rrf02,1000,1,1000,1000,1000,1000,1000,1000,1000,1000,1000
4mf5xjs0jm0swekyusv91kraf8oryh7qbeo4m3uzut8tz3vaewn3m1x84eaks7qz,5lmp4fy0i54kghnjfv5nzf95zaz8u8djcexs9e11mt8o59ipnky1bitvkpaqnxv5,8ltbo5vpwmskegemdmg6f6wwav77pjav1ywrkorsi5hdbemgbchlulepdxkk9o5w,1000,1,1000,1000,1000,1000,1000,1000,1000,1000,1000
5l0lj9yuyh4ipujxjp3z71d306wvsrhjvhhw6ozw2b096ish6ril1oo1zzehgd1s,cvpy5570l08rh1qry3cnntay460emqop7h9ul9l4qv2s85f0qfcrlaiyyez9qjdw,k7h64bqsrn6xuiecmld1n9ye9letgp6podb78hmdyezjnxlyogaghcvhdcm2xlph,1000,1,1000,1000,1000,1000,1000,1000,1000,1000,1000
khfz9j64a96ngglwe8ntzebdrkr86xrk4fh71lsfft2kwvqqccc840e3c0skbiyi,wke88igd03un2n8jlzd84opqoa4dzqffxmang18a1kcb37o6ze8p9vmvud91xpmv,yidoaigza1m00f6eco8ggxxmd63jvwr4pzkg9h817aqt4j7bz97vodxg3uhsb95z,1000,1,1000,1000,1000,1000,1000,1000,1000,1000,1000
zflk22hwial8frzdh5rp3nvfzqylbbp29p8z2gg06489ltgjjujtg088f7venmau,4cs0bq5303nrc0dnqpd6xjetuw41p2aoru9sjdy39949cythow5c0z24qcwqdtlk,arvl6c841rq7iwa7d40asgrw6zmhbsgd9hcvxkr9st5dagu5ssj7abzf3kfgb5v4,1000,1,1000,1000,1000,1000,1000,1000,1000,1000,1000
4s3vxf6dtkmv6tionp6s9uv4h20povrkv50xl247xyrlo5m3zdgdt2qas7ozua65,ez9m2sovhs3pudffq1utmpb1uo00mvybmbx14q088vsisnmh7nnclww23ywq01hs,l7l93pp04tatj1y9a46rg6cm08mmst0wwvd9tpc708cgg070wj2d2bd2r7mp325t,1000,1,1000,1000,1000,1000,1000,1000,1000,1000,1000
r4n82ph6fzlah4lk1e4p3p9uk393b9hl1xs709smvh69g9tz4zqc0ovpiql5alm9,6g2nmtiie6ajg75ngi4fvj9ae7q3as8b14w219b3dq4xq9dsxgy4j5lugg3wrp78,jpttoxo8a3zztgibmm7hjn68z1feh3nfw7oy1qe3gi2f2o3tq51m1hk5p2uo0qpi,1000,1,1000,1000,1000,1000,1000,1000,1000,1000,1000
2g4uf433syaq7mocbfjwflud42o7w2xadl2uq9d7e6mmkb3904rrrevke8d86jib,c0gj9sk1psrpivgnlvx7a2d5c9r6zwjomos492co3piihi38wtqkxz269je6uk1y,xjnm9rrvk6g7t7ksf31n7tr56jiud3nuuhiecoxxf8ix6nzzb5760qkc71hr2vun,1000,1,1000,1000,1000,1000,1000,1000,1000,1000,1000
pfnks8fdm1pco1r3mxfgemptc1lcjnpz74z5zsoftmmpwjhuc2ggom7dgivqttfo,d9a0j84bha5zylvlvtr3re8u5oo5xzd41lpuk8u9zq4kqyj3xojm0mjowuuglsel,shl1qw486hsyze8t3l0egr6d6slormb3spi7dgux88z946vcqyvkq2ewbs1zlcgd,1000,1,1000,1000,1000,1000,1000,1000,1000,1000,1000
yn5jdud9f2mpqcyuygc8zakmmlp3qeimcev7yf71qhpki7a7keq5vc38tyz0i165,j3ymwswgs5ze94prnkpv63m88urf5gh97b6wvktqzhwopv8u6xs5cmvzhv8p104w,kr404622xos7ykl4xszkeombnlam3n53owjfjjntrc8juhokbfyoe1iecpsqn7sw,1000,1,1000,1000,1000,1000,1000,1000,1000,1000,1000
48adie0mt6n28ww8mm2tzpqnv1lrv9kerovwyvkx28badq3j8c9i4ta14p9ri693,xp3d4g4jewhuju01auczz5rwr7pk36jplw77fcns7rzdrzdk9w7cylav05nw3six,pup82qll6hehremnobo8afs1vkrmy08h9u59fofoixz90qfd255ktbguzww5ghhz,1000,1,1000,1000,1000,1000,1000,1000,1000,1000,1000
61173w7sad47n3okfe4ldg6a710tevvcnlq2cktg2r7bvczvz4gvmo5ns7cs8dvv,4qj1pna6jxyhbnw6re7ee9fc7jejyqmpag54q2i1miljpz6btpdnc2znjyzz68pm,1x1l4xq40whgfp7on2lnga6115kgil33ca7oat4s9r3fl1m950f76u2j6a8gfief,1000,1,1000,1000,1000,1000,1000,1000,1000,1000,1000
6hfv6epz0w1d27f1u8f72an5si6vy4w67m3570esxnyas5cklqcjq0nr6g1i17d6,3mm1xm33o91wcl0yokh3ax52jlpw6qv61s8anhqzelfr1ozndtgl3e0mvfghy22o,jkvs28z486319nxbm7b72ejv1p9asdodng7m9kkpb4ae1nh83ds5fqsf72cn6y9f,1000,1,1000,1000,1000,1000,1000,1000,1000,1000,1000
jpl72keli5tdvk0vu3n2q63b9io407pt1sj8jez7o3p958c9k952qb4wy5kyzxtp,as3s325gs8x7ifr3zyzi3g151wnh1ll9065si6i3hfni9mqvs24c88hguhxncm0k,0vgn9jh3qmr0gb49y0z98k8czzhky3gtu95xxnzyjme36uuelusb3uv6wtijhyel,1000,1,1000,1000,1000,1000,1000,1000,1000,1000,1000
o0afmmwyygg6ufo1uspuu8hmhp9nuha6k7g53vs15vum0uq3fh04lwe2m7ubtn5s,zv21u3qwezwlo888lkhkyo6sc3y3qlhk9aqivokvdbfeo6ykst3pdvzk4nd96nep,phhvdwyz2djad25typ1pdma6ck0rbn84y1re8sly1jpho8s4d2js48s1jg7vl16j,1000,1,1000,1000,1000,1000,1000,1000,1000,1000,1000
3n1zqboueom5o1bc4zwh47gw9ospff8hh7rbm5c4khtcyqqrn86r081w89h9d65u,gmt0u2iboxtrbi4r6e84fd7dhxfsssd0emlvgskgreu93pv1gdkppi37eljlw7v3,irzqgqdlcw9votzgit45d3irb37e8adz61rncc0juobutlx4mrpfowrp2zq0g03c,1000,1,1000,1000,1000,1000,1000,1000,1000,1000,1000
swaadhjyv4muc2vplvagoupnxm12mbm7h3qsvx9z0dou08tngtcqokgh0bfws3i9,b6wi9u7clcqoo5nvzoufb45ge1fy2e85hf4rrx6ne8j28emjss7uqam035md06hk,hxbqxoeiwj08aoiuudo9mkz1irhi4f0gkw59xfdwf052qagur03ncpujq5bd6dh1,1000,1,1000,1000,1000,1000,1000,1000,1000,1000,1000
zjgqvs0ogva0profas7kmopk7c71ma5t80md0wafjvs6mqi6cv7upz5a3l8j9pra,ub2lffe3myt34piv9221g5lgm8y82xaydaf7ezqlkue1bczl7jhxns8jlr537uzp,h5prhf6ykhu8c4rih0xrmlzbzlo3c8wj5jm1jdm8chq3rr4sfqhf0rqsc6xx11ni,1000,1,1000,1000,1000,1000,1000,1000,1000,1000,1000
y4moqzuqgs3jfh9a7c3cxeoyuzpqd06dmtq8klkkiemcd30ow35xagpatepdux6c,s007zlqaryekv2j9qbxi1bcrc0stiqu86zmd2qb03ornrh23672378ssuqyghxhy,s9vcr8vifwgwhn8whap2qppxevm1lhzj0siz334evi6zr0axu2cumbj7wc9fv9kz,1000,1,1000,1000,1000,1000,1000,1000,1000,1000,1000
2zciremptv5ugbkz29c0egcvss69i3vkxcizobwmh6tskkrbz9okcamcshwolsrx,fsrapgxw1kg8hb7knnlxqs2kabj25m2tgvoz78olyqhlt941io1d3ecpzl3fip7e,zh6dpvxk0uxl79z45fnw7i170yybpk8mze1ljhqilhrm4i9vdg9aiw9fz3icbzgh,1000,1,1000,1000,1000,1000,1000,1000,1000,1000,1000
4ngfhl743igdks0s4dvt9vyoqijf7zn54n54hhfdsz0q9zcot7mhjqilkp9qcyqh,zqp335x8jhthma370f53chtabdh6rpmngrkcg7tq1fxmdz9iayf4vur2qa4z70fs,756kew3qjmpqvqec3srp4f9p8jye3sn99fq2wlgbxnjsqbefbcv015h9ff6pr7js,1000,1,1000,1000,1000,1000,1000,1000,1000,1000,1000
wy5fq6dif6bbpxihv0p1qouv5qeavi3t2ohkjye902yneeb6iihwitlgc7ibagdr,k6uz5veylpm37gfhi17vfs6xztznxt138l0q2pvm5hkobtztzxu6mss2snbr1dzx,s1m5m8innk5u2i2uqgp8jn0obal6k2e495t5gpc9d2a4jt1cit1em7kj721swdsq,1000,1,1000,1000,1000,1000,1000,1000,1000,1000,1000
rxcz0o8l5twi6whh3b5qdxkwbwh9bxo4todfwq6wz0bv9abclc57fl40lahmn6om,0wmeue364n60fapoul79xiwzs7ncdr9hbc1qi9rekq8mzohuvql6vjmpbmkabe2l,kzzwkrz4tla0piknma5h4ptnypbk6ili0vgch026nmsfduqgci5shv05q1v6vpr8,1000,1,1000,1000,1000,1000,1000,1000,1000,1000,1000
suk6zzvn1z105rz4kh1sig95oslm6x6b51w2jy859sqc66se3udttoiaxpiagin8,ibwbj8j3nsqkkg11a38nykrdbdk6u4q124vqx8q9yem94q59qybkfxmem6x9638g,fddgeaw23zabjcycql2n9zl051oildt3m4uilhnut3bzbbn1d1cvepzdftuccoim,1000,1,1000,1000,1000,1000,1000,1000,1000,1000,1000
gpn85wk4f9in3rlpm0kgaeq3c6n8vsmljl964m7rr0yljux5uhlqzwc531vky9ts,37f9p8crcecf16k470vs6j5u1o8g0p0uzx5sl120o9u48ixjppkdlbsjl3mw24id,p6qvsn7awt0d2ih080pozdad3fdyt3zrlr4fdcb5u6eednagvnc9p497ojoay7nm,1000,1,1000,1000,1000,1000,1000,1000,1000,1000,1000
vne8s9oy889ihfcawkmyugszzlycuwnzswlpg36upvnuw1crknak0glsza0kzgwt,ub8qsmiqs6yhoj0npc8bmbstgdtfp2xvqhdk6y2nervmw7algnb63mr9yrzvtl3x,ck28oegbpp84i7lxqgthfik3yravvz95fjffs9jj20k0y4mlhnojznnssiaxp3p2,1000,1,1000,1000,1000,1000,1000,1000,1000,1000,1000
gdnxbjhb31ymktvgmt61ajetbl6nr453jtv2l8b4jz0hxby77wc3vjs0ty0dmao4,btqlnluxvfmrrwu30atpfuxjcmat91e5upfja1mputu7iqvdb0nn7b1bb1urw1t9,1pgolcyiv1dvi76hu65zrx0aixemin6m8moupq12b2rby4gdwp0iab2h1n00dzim,1000,1,1000,1000,1000,1000,1000,1000,1000,1000,1000
132jssmfp4c8b2uurwdzk6dntrp6d3bwh4cqs6scdskilz5qb05f9xt4yvzejlck,f47o4le3puc1h0w3dpmadd8ldybmrfzppdjo5sc68muix4zz58vifuifpz9tq4te,s7hd7vv87fayqsy6lg3m6y9pmreofmgs5ljnpwljufozfs9un8y36ydnk2cq5pnk,1000,1,1000,1000,1000,1000,1000,1000,1000,1000,1000
oeslymh8z6a2ngr8dq5i4u20splcq3hcu2pa27k5d9piixh87ox3fe80mz01vdt9,ytyxce6yhytgzhgamawaassifw9cncidc9sbhvg1382kvcnomfn8ynm9k7peakiq,ejx45xtmx26hbhbqy0n4xuux56ebuoj8vf06aoemejriij5whih8c8n93j0gv9g1,1000,1,1000,1000,1000,1000,1000,1000,1000,1000,1000
f8ybf3p1b22bgaebzqh8ppvrgyhl76d1mdznyavw92htus98cqohmt6yxgoct2bv,dd60d8upey6pfip0bx6btixc4z8uelvareg4259o26odrgx97nk4ynomz93b0qj4,34kasvzc0isxuihm562r22gcf82kbmvel1zqcwev1sd9vzkzysi3d0gfjexusn39,1000,1,1000,1000,1000,1000,1000,1000,1000,1000,1000
lsp8s0erhftne49ck8r4xga6j8m8lhqz8u1r903notpwlhp75lwfbr043lzh4j6l,gstbjxa1yzqaxip7t063wrm4vqera7silfjx4jq7wuqtsm3s8yr1ied984wt3vxy,njg2oig2l0j0docipntro7ol4xgm90dke5e1tetfldyba3w66rxpj80wqn2ymg81,1000,1,1000,1000,1000,1000,1000,1000,1000,1000,1000
fds42d6cpykvul4ycj7z8clywc8mxvwv6pl6eu8sk8y650vz9nclas4fju7m17at,ozsexqdk0yfuysxsfyx0g4jy2xi4duwnamvu83gwzbqdej87lt6nxrzy9tzg693m,mq8i1rym5ovd7lgxmqo346wznnd1smqzpbmbckc1q9z8iuiyy9kn44kzca0djm6y,1000,1,1000,1000,1000,1000,1000,1000,1000,1000,1000
plyg2txpd1wagrmpn45i6surbjfpe08gkwu6ke4mp5lovghp2eu3v936vqlv9fvn,fvks1higfirnyhvkhdx2awa9rw4e00p6s8f9fu0pk19ads9abwucnmovih2w1vd8,je1x6hhax2j9pnwwc5ygc0jvth8bfjn6lm719ybw5edo714id51fwee50agllogr,1000,1,1000,1000,1000,1000,1000,1000,1000,1000,1000
e2nm5vqqua8wxfzam2aqjbl7i01s7kxl1bksb2z9clsba04qkzgruu2wiem6wn35,heuelj60fk76teyvkhxlzvwb16gr2zsfoh9hdywisbivgsmlzjix183m6q8ijy6x,8kk2cfbaf64fz8t1ms7mgeilhppl16mg2ymk9h9yxmotan0twgtxu04kz458kgu1,1000,1,1000,1000,1000,1000,1000,1000,1000,1000,1000
lo600lc50xl5k14noi6xv60jps7w8hlh03k4m8ffsq82bfqfqfyuvhxf1ecobzye,3aocrswajkk75syy7629ybeasdw27gceyqydhg20sqew3l8d1638yxfqfos86z17,0pcybty4kfukl2xfzvwjp155qb1yutk4iyqlkw8rhzlq277ym27bygjhjxhv5b18,1000,1,1000,1000,1000,1000,1000,1000,1000,1000,1000
kkmb8905u0bifg4ikee4ga9m5caztj54ooca5e03bvwd6x8u7qnrqug8b9g6s35k,hqg62u9bi84usqmdlzghgtdocgdxfba2as8w0sncw3vj0gw2coj8b92q1i4uszfn,8b1k6rmrn0ku6lk10av7x7k237eqctl52oecdg8gqbe3oea0e5t0jh0ruovd79jc,1000,1,1000,1000,1000,1000,1000,1000,1000,1000,1000
c26hl1njh0yzm7vur8v7v4woqrdi57p92pzmg0qy20j5sn0q9kybcanivmrvw80i,wfl6ya8or0ghwuabykrt3vj9wa9kp3qirwv9c4cuwmaoqlnwzk0qzr7k85hzsc8i,b5iqac69svgmi2wy6z0cs8sanw2sj9gqbtmrimnzsdzg9q39f92mjv5tp7ascxib,1000,1,1000,1000,1000,1000,1000,1000,1000,1000,1000
97ff31ytcn8eun7q5kbv5yqrkmly4o0i96r0wx3rbhfkzbbfy5vwjyyzrwg5sxi9,luzlzj8p3wa0b28js2fle9vqrgxine19miq454gsbgywq8r5wdlpfymj68wgo7jh,1457gn2fl2eprt414hgy4debepboyt8bz3vgj9bk4u8crg7etge74y56nujxaacr,1000,1,1000,1000,1000,1000,1000,1000,1000,1000,1000
sbvj9jgkrxqm4ctbrz0qqr04lbsa2znvb1h8dfawod35vhikexkhen25n7ecrb8w,lt37rqqdu0mvz0g6jjwp5hsqqcbpbk0jqffy9r5ca3yns2oc8jjbrvte07o0fk4j,2u0qqu36g5bzluz4gvv5stfkkshb2ky8420vzv9bt1yqor052r3k62t1q9lz02nn,1000,1,1000,1000,1000,1000,1000,1000,1000,1000,1000
im2hzjbx8c68towspgu3wffm8hocweyq2qrfgrox209bt4jv90gp0qoq2mq4grmn,i12ci99q7l5sukxt9cwbt4ge6l5suyauzcmwxw1b4yuz5g7lwqj0j3rvs0pwhfdu,whfz9poy3zea6xs49gj7epfmqxdae3n39k9h4oobo6bbz1u9w7eibllspxq157tm,1000,1,1000,1000,1000,1000,1000,1000,1000,1000,1000
xtup6ypjess4awb1i9vufim6hmj8kz2i8bj8fef2ka9h1idu9z9g9ytfum86vl23,hfrcrihunvoq6oz41b1ixyp9qadoinycr202ldq3825asdyqg36f3bffrnna14fm,35yfzddk7ay9dy50hpnj14mx61cxz9htdyvsdl9nvjkspwvh7l3wa1wp4puv5gx2,1000,1,1000,1000,1000,1000,1000,1000,1000,1000,1000
f1heqlfnixe1ipcrq2xat75qnaamnnxnirie393l0vpdedd6if7jhrflpgbqvv3q,7lsza76ktelr85u1l5f7yin51wpduditq3wz15bxkclgkt109udzr9tv7lj8k5c0,zajh8ruv0xrb9a4ob22daoccn185xbudrwlmmxk8duzl69iogw3f214xk2tjvchs,1000,1,1000,1000,1000,1000,1000,1000,1000,1000,1000
l18f7d19gdplf80oj89bswa6q17w92u9ug7z6uwdcrty77jf2ke0nson4w7696tj,1banpyroxj0in7iegfs6vyupeukhjyq6trbxsxll4mad4f9z608c5v1gmua9pe8l,vrlhlbjt7jl1kffwhjdj8kcxxb8ii2eapiem2335wb30hiucwi0f0f5pfztef48p,1000,1,1000,1000,1000,1000,1000,1000,1000,1000,1000
8abv1uce2qtrmtwbl5t4qcsj6jtj3m00kveryblaoturngnst6usez1fbpsm1o8u,kb5f32207tfx10ldxiscpu4dvsu9zuexbvbymemcuaynf1sveilhmt3ha4pongkl,0qmcwd9yg6qdq4zsujzmh7ybh9g36aei42vifig3jm05aob6gybvziy2e114t6qj,1000,1,1000,1000,1000,1000,1000,1000,1000,1000,1000
0r3ajo4psizp12vq9ivo4kpek7ftwoj8t19e67mul7szooqh0baxrj8p3krgjfja,a78tni8hhb1hrwvwnxvot60nusoz89qc18znzy7nkj65ites6ltvogv1258vzye7,cfzrg53xvvyipn51vfs5svg07sp0ym5zxc10iym8upguqp0s11hj3mjmzm4rgonl,1000,1,1000,1000,1000,1000,1000,1000,1000,1000,1000
0spce1iix82mof9gxfk9y2ani9wv6vk61yjzzi28j7q7887tb8urxqd68xs2bmdv,9q5awzahlxtoi3h52opk4bqbmfm5hjy44gxoxmugla3cfwjchyen2sptuffjqv9b,6oufxbspiyjpfcbka00xnoxbtyawkn6c0q32ciqigt1r1k3xysfwk9s9pjqa3kbs,1000,1,1000,1000,1000,1000,1000,1000,1000,1000,1000
k3ves5ua62air2l3qdo6oai3fninhytwagg7c1gomv7l4ar6uxijt029hrui7d47,890t9u6f8znrcyn5kivd1tik0z5pjm8rd3xumfah0g3bcb1b7wscfnaaci2yk8kl,2845828xco7bp1a0ewzammupmilvpkxd3mldzc2khbesrphk12626omiwmc55q4t,1000,1,1000,1000,1000,1000,1000,1000,1000,1000,1000
vnahz7iwplvoe0aed67o575o0hcubkcg20ccq59se1rm5sziokerfktmmdx58w6g,gibsjrbegtms9wxan44paqp3kgzzrsaze4atndv2tf15p6pk3f30c0vnfkfuz0cp,ltz8e9oaxdfbtzy4dsmsgs83s4kdyugld6vrk8mgjqzvfueqb0znurqz5v7jr5ki,1000,1,1000,1000,1000,1000,1000,1000,1000,1000,1000
8cpcja886p9ojsgtd58g50ha4l35jrweq3x0wgqp5mjkngf1adejtd6mym70fp79,0ceb1uo54tct68n5mg9y0hx5u2gd0o5h4ledgexg9o9nz4bjee2k1q7jyev0gava,curmg41u7fc9zedysjne8hx5xx7musyiinkp4dedgki5g9sb7v3l0wrpu1x879u4,1000,1,1000,1000,1000,1000,1000,1000,1000,1000,1000
