HashApp,HashOwner,HashFunction,SampleCount,AverageAllocatedMb,AverageAllocatedMb_pct1,AverageAllocatedMb_pct5,AverageAllocatedMb_pct25,AverageAllocatedMb_pct50,AverageAllocatedMb_pct75,AverageAllocatedMb_pct95,AverageAllocatedMb_pct99,AverageAllocatedMb_pct100
tz1ajbjg234hw73rlil0fvk0srhgjyh2qey8w46dzolqqrrrqlocxrt4hvi4emjq,y1yre7jvdgn6cr0dqn4wc67onsspqns9cvxq7jmr1bk0fjrdzy1rtbriru5rvc1l,vuj5nn4pa1d5n3op4pzgzsyn4un4r0mj10ws8g2jmh6vu1evuitgjelasgwk0se1,1,2048,2048,2048,2048,2048,2048,2048,2048,2048
1fqdkqypf4imcxhk471ulrhduqk14hhxcqhyqjxltf7rejfskp6y0vt3gg3ydl74,2acfz85uf2qevysyg2l6v1nk5qeciop8kjwr9sx5o155j6kzqkhuuv3skfjiynoe,4zqq4dnilfxuiu2tbyp0nzcx2kcekbevz6itkx03lg2naostwh0zl0wqc59y4tn3,1,2048,2048,2048,2048,2048,2048,2048,2048,2048
19julfef4co1xf0mb8dkkxabewu6x1rx90i16o4blx7tnehqt0t3qlgp9qwwsuc1,8aorona08f32y8lkep3jxkk2ewzi49uma5vf1rf64lpbtyconzw4dj8knx4nydrf,kl1u3bhkmdtetvkn73n65kmfbm74ylybis7s1i2idr5l73j3k7chzg1gzw564i0m,1,2048,2048,2048,2048,2048,2048,2048,2048,2048
2f8ru8jaiwxtnjt25hzg62gf0rimg8moixzejsuh7gartdzmsf2o3dd60gi1ztqw,azrg3617rdk6nyeuhsogkxvln3er70m9uajou2qgg405rv9svste5is8sr5jfvju,awzxscytfpzx7fn3ros35q4vkd9ft4unno74xkeqmxuhcztr3golt6t4pzp705kb,1,2048,2048,2048,2048,2048,2048,2048,2048,2048
r7ggzvp9clmuqvwyw6rgevpmb1kxoa2lj7md8zeptymadb5d46ydnj9avhkw6wp1,vrv219rizqssey0vqe34zr2499pqta3xc4nl1okdd6e0fofoc187qhl7adg4ojjr,9hmke57up2xbpj4l20cnv3cc938hvq378b6xazgi7z41zc03cr0f2cax5ty3vlhx,1,2048,2048,2048,2048,2048,2048,2048,2048,2048
q4yt4ifojanvpmx5ftx5bi8n05roj75nd51mo3ttcz07rwft6q1byfgdx4pcblzb,a4tvf81apz9rqysquuxwsoxvb63w4bhu2pf55mxndr5kb8vcu49o3dqegzks3es9,q24lbxfmba3d4yo39otk0detlmpzfum9ems49v17hclczq2gjo6skf613fkgv3y5,1,2048,2048,2048,2048,2048,2048,2048,2048,2048
t596vzmhw9ol50cjvpvbz7rvdva5h5pdzglcd276asjmqp49wrecrxf78i5wsvre,96ncvreuftu32vnnnpacpt3kgwl81tcv348ogu9f8hhg0kjc7sy7v2zd5s7lp81l,67al50gogpvl254f51i4gf5x7p13nalgbryymbluezg0ccnyisthy6m2ykowxd4a,1,2048,2048,2048,2048,2048,2048,2048,2048,2048
145g61jzvnspyl1mb9ftvtn30sfh5vomk0j7i92it5lglogn387y89k4f47p7lft,g3kdi4j2vrvjbsopb031jjq2rpygt60its9s6cly1lqvyctsh01l6y6h640o511c,gmvy2cnyj7tzkbdvpmj5f2pjhduh0kuw58bece7fikjxu100san6uaww4tsg3jjb,1,2048,2048,2048,2048,2048,2048,2048,2048,2048
0xylqfd99wxlwjspp8t4eupcpm2izie60mll52px4bj8z60iy82wse4ruzbhjkjd,p49j3jf7ke6357kpmtrktf0nvfj3fxn2bcxnj39ujkwigv2dautwwtp8frdqm6yp,cc2hxo5x2ccn2vpl5wjfwfarhihxi56gre7osays6w8webcaghq1kizui8dm1x1z,1,2048,2048,2048,2048,2048,2048,2048,2048,2048
mc0i4jk41dqwmqoz4x6mznpagz0srutoneumzvmvkobgnqsnmb4lkrk6rnzjevzt,p7gi2kke08znkotuf6wi5gw4wtj52er7s71n4faoyxsc7jwpq5rom6l9e4ms9t1m,u1rnzq4qk12hpjbfknjdofkn6g4a48up1at2sdbkjr1gvircgth9ro5jed5j4jbw,1,2048,2048,2048,2048,2048,2048,2048,2048,2048
gnfpd0d8khd8ntw4bqjcjsu9nbez0x6re0y8lvz6sfux5yhxn9c93p2mjr6dvlj1,il3t5r5vh2zvpvrkh6wc3hb5f39apboggxnefg0s2norqwk4u9uaqvwwnovq9k8w,vq7u4y1tpnepk7ey0tpqw2cjvri23j1b4w837gyy3rllaiej6xoxrzkz6hm7b6va,1,2048,2048,2048,2048,2048,2048,2048,2048,2048
dvkcvkrs27soj2p6yfssx898o3ddiqwbas7nzz1r0umn8tmuyc6cwjznxzc54h9l,gwvuf9x3bhvco4spzmpktssd958b8lg2wmzio6bzs7w9inelg7eckz7mf12wptbe,kcdswum5146nqc8polywdawc7wods47x7xfhefq31uzcxjx5xe5e51b6vrakayum,1,2048,2048,2048,2048,2048,2048,2048,2048,2048
0vt9hrb2hqmpqgqdjk1jm19rivdgn2oiu46pf1k33xj5azh6tn7s1wf2rte05zrf,8msods6z3npdnjaxiut7hafvg8za2lr76j5k4f5k9hvzj35c32zaaxwxrja1o84m,ojw2c1sail4m38u8bn5w47bkfg8jg0pfrzdmifivlbypcha0d8pymmqw97zo7gsq,1,2048,2048,2048,2048,2048,2048,2048,2048,2048
zb7astpcnyjpk0u4g14ufd4ugx7c2slmash672u1wfjq0erko1p6tn75ae95nc3e,va2s97hk1o9lmnttb0m5dzim7vpqmq3xko5ec7rl41o4zmfbkmqx5ksdtqmz42mu,8bqjpvzu1ysxjo0huu9x0xekunmtcznpuw5d7xib0fqopke4cfjfw07neeo8iwkc,1,2048,2048,2048,2048,2048,2048,2048,2048,2048
i4wpzq2ld99h69ywjrsbbt13e18cq1rkihyk6q28uazmhv15tpo9x0wt98sz91no,odoy8tcvv1irpjngf1wue23ufezssyqpt8ada44mw180n1dq1kl4vtv15z7co4xx,xetobiegyj9hp72yg0b8pgns71x6qp4pp2347zjaj02cbeou76etdekwn4btktpt,1,2048,2048,2048,2048,2048,2048,2048,2048,2048
emfuhagb8d2aa60sxm5mfdh85pp9tbl1grnju5wffbnf41qr8dmnuu3afjx5iorq,58qxofchvwqz8854kfxxrzkq4tai7fo5n4rulxsggh6tyjqmlnf5nhifs7anfatc,cjw746v7b3nhewvsxaaa28kaglrxq0fx51vys2yecrcmzab00a9lxp0dly44ygxk,1,2048,2048,2048,2048,2048,2048,2048,2048,2048
d1ljdw2qw95zvtxk4e6tnlp7rca5nvr75cckeb3y5fo8ch5751t7jf3szmfqh6pu,mh9w4chuh39a024t19ev4ppmpqj07ncmm4qqxrl7ge4ykew10qiw37l73f9pdvi1,9c6fosn9t67w5w237ns428ep816gspqdz9k1e4syj2j17p4aakdmb85qnyg3zmpa,1,2048,2048,2048,2048,2048,2048,2048,2048,2048
z2ig09yr6m7p4kijztsu9oh60y280jldket9kjl5j4738ahx1l4jjmx8wsytbsd8,tkiqwszrbvjzt3s3sqqk8jnrf1276io94wawf38zmm9rv0lrymiq8izg302ju3qv,hoo91l9j07d40z4l4ob5a9afd57rpv9m2w3s6fa5pacwjjjxy2vk3o7r59gs8rz7,1,2048,2048,2048,2048,2048,2048,2048,2048,2048
2vwkrzlbe4c0sc7ce6zcc82zip8cacrp6ki7tuhjdr9991d8qbmbt2x9pwtnerpa,tyia9fz10ctc4wnfvlfp3mmsx0rupe1ekfpij4k2uaa2mrbzwfkk25qhn4ff88kp,t7gv3v14q5l3pw244n2i1bjgjnxamtzap0ko9ntu7xkp7dtkml83psjwv2v1dam6,1,2048,2048,2048,2048,2048,2048,2048,2048,2048
7re0b89wxas6ifu0yo9loqyipeqjdvfxg76t8kuo5ghlliu2do8btjbhpe1c7rah,5citlcggzcoscirrfwynrtes38g7qj4p80fsslcqisri238yy96osn7t9x705way,okksalwspfzk80do5fof1at27mv6bnwlghv4thil0otni8ciquuokw17is5jyret,1,2048,2048,2048,2048,2048,2048,2048,2048,2048
6pjujkv9arl736ts54dunfuh75z6zhnoz74ymw9xxsv2jih21humnllkua5e4leu,7ssmixnkyxr1gi0fp49tghrmzwqnpym7kzejsjtgkhkg7h8plkmf0cwhmwx7qanc,3vspa8mcbi0b2jn79namdqv0h9nl1xxfp0fo6p9bdd2a8r6plfp0pffrf0jftsse,1,2048,2048,2048,2048,2048,2048,2048,2048,2048
g3yjiikj7j792uybt6jdr0e93j831pzmifs47fd68nngorm1852b0kokeljqs3ti,k1i8dmxevr0fkcd58yb5om7krdin05sqt7l5m74pm4tsvatptu29agulmufvznon,9y6k0m1o17pcys4gatniz3aly1yww4dzrsl06d0qk62ttcz4scbsrcivmzsetrtz,1,2048,2048,2048,2048,2048,2048,2048,2048,2048
ulk5pgib90tbcggelbd1tot21ormfdjjt6xqjj1vmdrpc9o3xq6femyvv9ctz4d8,395sk649uv2w36gfh46q2uu73x9wz7w93npbrsfio0lsg8yj5t1ycwn3j379pcnv,bhrod7dcetrizcl2q3nrgredakpmvjhuvqybc5sylwbxl1iads79vlsd4jebsb2h,1,2048,2048,2048,2048,2048,2048,2048,2048,2048
e5zgwdwdf9nb5sk3dfuvt4v0q84dt3g99tpgulqxuqxj62qscsb70v22u083j0xo,02i1nsak5wyqpxbc0pjmm4vwsdkpqfmunpe7j1ewf620l7vellze2el6cw1fxznw,jgg2xoc1il6ozh1gk9x90wesyyj18l7482eshkwrrigxzu7fo1w2kshbex993dkz,1,2048,2048,2048,2048,2048,2048,2048,2048,2048
xx2gsqggizxi4jzi7euaefnki0us1gvnkndtmvpcgmm25ez3mxwwzeuii93wfahz,slxhf3buwj3c70xreziurvujgjhn3a8c6j3p7mhj27wykitybfc33moikqv1ksmq,itxxjt346jcd8ff0271ewha0bihw1syn3w6u6uhk82zcjtd53a60vt5gcy6ptptb,1,2048,2048,2048,2048,2048,2048,2048,2048,2048
oezvld64ddoalry5566o92f8v8mgc24ph516zi1tb6bts10kkt1r3cllen9el1as,3g3xopz4b0mlgrmtf6enezka2w3v1ybt34ia3ktupf6kb04grrbgtjikopzcdvd0,27lki8h6i7036ap0d0pcxmt4i9icnbb31e7hf5quhpcg3r356wchl8me4op66tej,1,2048,2048,2048,2048,2048,2048,2048,2048,2048
ymh9g5rcjp0ko9dh2rteia9kgbimybruzlcouxfyrc7fv4j0z96hz4n3zhf5ccet,fgd7ya73ez59ezomx8k4tuzdz14c72gok8s1ln5us1nwa634mchtu9fcut7i5or3,0kd73qw6kghaa3y7qciwuhbtp3zvjt8cu06yxxq1yd3xpm72lylrtmlszzyftz18,1,2048,2048,2048,2048,2048,2048,2048,2048,2048
bot0ki8vns12oztqy81ikr4ap586cas15dxqygbrui2s3qc1rayyuipmpqco7z80,5fytep5s7dkrvd9zje7fan8ovmzcusopurknfi7hmz74yqsl93x0jlkiv19dljcx,dq2bhyeyhpbskhnc86e9edx47a5iea9jxnkm6gl56aa8sousmmpw1wz5xvhs72sc,1,2048,2048,2048,2048,2048,2048,2048,2048,2048
mipqqtqxghw06n277u4cpag72b8jpv242ybotktfu10l2vol5zzcijyuqqueyugs,vlrpvwzuzdcy38mmcc9ma2xlrg814vpmfa0vqrb0bqdh0t9xia873gvh4t70blya,2qgb1zrwn8rdgl3fhxt6omwixarjas5u4u2i4urgdkky5a2gm71q2nh4i02bgxhg,1,2048,2048,2048,2048,2048,2048,2048,2048,2048
johepsrgaepdqgxjxr9iuzzvqfa7yscg1ljsuhsifj6nmbsp3ug4szf325n7ctuu,6syrpg6saygofn0cqdhn4vceg33mauqeqjb7cvjffh81x5dl0l7mchtk9qb810gw,zw8jr35kvh3gnm311ktc74xm11nqri5k65qjhfspct5deg8ew4yblvt6dz8lu909,1,2048,2048,2048,2048,2048,2048,2048,2048,2048
l2df3cnvp9wh68f44fuoco0jhc9o03w3lvqdfhofzisb183gxazts3a40dx7j5nf,nsovqyqmcc03h1u5v5mvgpz592muornruzoe9d9cyoyc9ob8sjhar62lrv0qr8m6,8shf4h2oahgl4mzp4filpde6xwaasa9ef7y0kcbffgj9q1pgqy2bofeb2pud6d7l,1,2048,2048,2048,2048,2048,2048,2048,2048,2048
ify896msf5l2k68ncx1wa3n0960y0ecny4jc4b3k7zv1socp9pyslsw3d8mgck8p,gy1f52wahw0mfj1jid6bqe51moura2nxac5tz06vwp5c75x7jigbnm704sovzf2a,b49tju2rsq11au2ujve92nt9fgxp51zkzp65nmvtpd6isi7pfdgmj91orezzne67,1,2048,2048,2048,2048,2048,2048,2048,2048,2048
4fm8fgnm9azdmm8t1pfezx7ua696o0jyu34ot9vyo9ibzsvxphhjcge8iwbbh7ap,u6a6gqfuhtmyl72t97cyjm4f2fc7b1ymiku36vs7lnmy9qhnj5r2vyvaq1ta8tn1,exnd5p9jn2e4rphsmj4rbo2ix31y5os7jiat8dxyo6ydmupylz0fgxxtwv2neai4,1,2048,2048,2048,2048,2048,2048,2048,2048,2048
k07x20cwazqdhxsla2935oi68cn69kqiv1u30rsa82tlzm0bfeg74vzebg7mfq78,na29mqsusqn54tkpaczxmcgswoalx050260pq3jezwhx1ct7o7wpw08f161246ey,xp3wit22e83pdyifj2m96ocxjq7jvpfgbhwweiyaisktn5qybnjg041fm6xvfjn2,1,2048,2048,2048,2048,2048,2048,2048,2048,2048
cyb1v4514d5vdysppxag62bh62n1rh9zfiuv554qu482mrlt315241lbfri0160c,fbrlukiud8v6qs847puewrw79roeu9vk3rwm6zz2bbn6tbs7r4b4ob2m2fxus5en,4q0pxph26tsmhmrvhgy76jvpvt849b419x02nrtq9u1akdglqwk47rbccx4re541,1,2048,2048,2048,2048,2048,2048,2048,2048,2048
6qgn5jo6ggfwhsr9eas3te3meq0j4kzonf467ojvhpj3cjrkhh7qh0r7qias3uxi,rh52jp8nlv9k4zrdsawhobkhupxx3wm8mqrisj4femfz7b9tfo8feko2k1gpbs4i,w448x9hy9l0fffqo1ubek6uwym1hbfs36khevv2ahxhnif9cbq4uxv3iwmnpxpyf,1,2048,2048,2048,2048,2048,2048,2048,2048,2048
295q006c7iaqckgvs6xw9pf155hetz353xj1y6oxat1d75tye767x4wqj7rgph3j,xzx28i8kta0449u7vt4ma4eznmehpm33z9j1if8mtkuag6o8xry1d42aq8x168y7,xttl0ozlkq8xjccfz667ehdgvwrpyjqdqgt3z95slswgpg87f4kl4zlqu1kokga3,1,2048,2048,2048,2048,2048,2048,2048,2048,2048
ixmqjghjf04u7hv1eg6il5di9l94qzy2b6w6wsk6ghw9mburcqxllo6fxda6lp4m,fmkuhch6t1q6pxt3nf76kkec7zuh41110g584jd76h8gnu8r26s5lzzvg4d9xzjv,rw53j8eool8lngucx5oyn7ooyfknzhx6az9986xt1ngpwkmar9ztey5hn8zqwq3e,1,2048,2048,2048,2048,2048,2048,2048,2048,2048
gmc57r8xqp3g21w6q0eirkc8os2gkj51od72fy7p2pyk4rp4bbx2ncf8fciupog4,z2m6vxu6rvptoo4t6xbm9kh0gkcj80e849nhk7cpzmec1ivckmban180s2ext3sx,rakp4pupas1oo8uqpltnaa51fag3t9skhdw0vybzra9b2mp55u66bdyq17agwubm,1,2048,2048,2048,2048,2048,2048,2048,2048,2048
yqjt3p8rtw9marwhk17hkip7d7emb2tnu30bdkmoca9cfslvbpbdvwribqyl9ohk,08dfqpixzqw3ixy5iu5x5nyo6osu6n8oci7mg0rtx4ariivknbqac9fd8nucw818,j26wf5nsuvwvv6beudbccqb3r75b84hdcag5wx3jn13rhsz538r6i81c05meax72,1,2048,2048,2048,2048,2048,2048,2048,2048,2048
bxem1ew2nwe9wf4hcdxps6cwakzzgbj4yfjt4msgiwmlgq51bxh1dji9bt1xbpkb,h1c05rxepv58dyokp0sp10mp2hm86jmz6nygr38pnkj98oxybplymck1onbd1nn2,0egtepbq4vmj2mb8gvdt0lbh6c9znl25dp9qztipljw7dw50gi28rauw7er2bxo5,1,2048,2048,2048,2048,2048,2048,2048,2048,2048
8rw4ey707hygjy7soku4l2ccvvr2pbg280uplv92fm6z6y5dkgn1ts5dfohlk0rl,qbw5355mbrnhd4jy9b9t8qe3ahy5y3yfz53e0f9b7e9yo5cow9isyvonos1odobq,snx4qfp55n9rlo962tpenmhmpky2qmnuk0srv2kbgcqgzh5rik7dj6g3bh2p4a4w,1,2048,2048,2048,2048,2048,2048,2048,2048,2048
ybdnfja485mejl7gnlqxbeo5iq6cx93qj0ab9sjtcetkgaqdsuk2oskijam8njni,txx794pdq15te1irbc37qzy2efxhlm4o2pjnzgzfkfqu320sleyb3uwq0nao91h6,8wr3552azmbmvu0gyzjep7p0y87pt4nikw4a7qmnfyxpqsian1hnlnuxz7hkmm00,1,2048,2048,2048,2048,2048,2048,2048,2048,2048
d881u4gx9w8v7r4mor2p29auie0zd08qludf1hja0k2vhy4fvtjdnyp6j4bjzfxe,41cp4mb4olbv7p50sti7mkkpkv9e84svxmm08v977pdqzfd9o52jp1mv0cn77dqm,00sg1x2fn3vt3k19zf7i2xvkur33u5no75hv4t4oplpbbtbjkgu0j2bvt65n2o9a,1,2048,2048,2048,2048,2048,2048,2048,2048,2048
uypnff9zh4r0v2h94es6srb7n5n234fn0tywrplat6cqan0thsq1e9x83zgtbhlb,u2wq9cehyj2vctitv938o5yb43yyihirsv4hu596704jrnvh1npi3s9zlmx3qfkx,mi2yfws44s8fzh3vvhp0j97ajbh6vbp1ad2hkni2q010jg1frt7rm1gkfjetbm0j,1,2048,2048,2048,2048,2048,2048,2048,2048,2048
f8j4sawgn6ij8hnlue8dt0yr44js3y1b18qqdmhxgrzus65zu760nz0xwx2pmmn5,hbtf329b7esomcez641evrt6a8uxmbkxth4fe2e4owtame7ksa5l5mnfa0kr0tnh,4i0sro58pkrsqkrcfdxqmhn2tv07l8jv6zufpwvbj1rl7367rgajuote5avgwdhz,1,2048,2048,2048,2048,2048,2048,2048,2048,2048
xeiipybkmbnjksy353rdtoog030q5trb28cb84hd2egypr2bkwgj54c65xbrgb6n,seysdqs961lgqcbvh49l552cx81s9oqhy5pxqpklg75izb7qg93u9f0z5d7k6kqj,qiou1xofdik2pu8s6vcm1b04gv85ormxyz6160vxazhzo6ovojk35tb4pinaehqp,1,2048,2048,2048,2048,2048,2048,2048,2048,2048
dn9zab45lqr7rypkpt77in946kyfdl92kcp599bez4vi0gold1z9o62e4e36d3er,lrcpromk1o2ujmz5itcz2t406x9df5s5u8zdatrw3dwle73hj800mmfy8hou5mgm,j8d6esdizhpx8v4ahg3ckfgwsfxbejh74u29tcpzv4sa4xu6brvahi5w8jj5kdml,1,2048,2048,2048,2048,2048,2048,2048,2048,2048
9ib1x5ur78oa7pdi4p66ik9qq8qhinz48zdo4k1tkdldv4xca8fy4dzcnhrbgm6s,vvsn7zjjknc8ntke38pkdwwzz566tmti89qbc8svizsctvm9ac5a32cjaf5aixbm,ovyt22aczxxf9cqsd2lv6k56xrupx9ybguaqgxw6b8owani93jzxhhiuvlb7bwtm,1,2048,2048,2048,2048,2048,2048,2048,2048,2048
j4gqvw0apuljrvskf6r3m537qmqd47scmaffzik5wq6b1o4xwug9mtsu60lke8wd,haubft3w0uggo6oepo1yemp2mj81hqzaxqup86qna9hq4foe83h1cw2vtfqj3lxy,9093ijdls74yyb19bl58ehznk249pyo44sbdzd9agmdsy87w5cq8ahp6rmlnf88z,1,2048,2048,2048,2048,2048,2048,2048,2048,2048
c6c8p972jlyap164nptwugrmjcc8tilh8a08rx4pwz81g0shmthyi05abq162k1u,ir42f7zmjmd6s4xphj09lsmizlut4lhy3g9tli5lu6c9y4bnikesbnehmv95ync9,dbpiboglgtuwqcats87sala0alren1skdgnfedva10nq3w9tqo0ef9kegoyxwjth,1,2048,2048,2048,2048,2048,2048,2048,2048,2048
ey8h8umu0u3h2u0sd582h9n0kzl4ntkz4eb74resn6lb48x7e6lg2nmqt7jxfcfc,hmuhypztmw5ei1fmg8f6svtj92yj7aiv75gv4hq0clgcg2tiva7j99tx0mmjv4hu,h5zy93yfpgie70wn8h460udwywoedqh78x12bc50e5epqp8o7nfl4tehu5v4kkbm,1,2048,2048,2048,2048,2048,2048,2048,2048,2048
6rsi9h9wpolfnnxx6k58tvvj21dy9xwaom7hlk6eb9wdb4cce8xm6t99064rbk8q,kol6qcsn9uvmq44rm1ipbzalygcp951m2yskgs5s8qpacp2p5p93iomp4d7pgyet,pp4ui2gpkftcyin3mte8g46djc2vobv3qdf2fqr3xu05y3zh8s6f8fm04ajhuaww,1,2048,2048,2048,2048,2048,2048,2048,2048,2048
940zl6tv518cbmpydmu2gnj9m39b59hz6zzi956h36vk08lcrkxaiiurhiiz3l3b,sbevazr687n3lhhr99u2i8ipd19prkx7rmju8srix4b3lcdui2hlhqsilq7mu3wj,hhxee0l7zngfbusil29ncd1dxkalxe258g0w509ok8p76zcnmmjmovslg8f2fdlb,1,2048,2048,2048,2048,2048,2048,2048,2048,2048
52pmnphvn0dk1jg0if1622r0pausfwnrqrql7mvgdtqlyi26bxul37a848i54a0u,f6djfjumeb8pjz9ux8m575cxnnibdgafa80ntt5jy6s6dsh15mw6suwbmze5e8il,swezewjr3p9ntep3gnkpgkokkvlp1bnekm86vej7tmdbj9x3l2pn9ajan91j6lgj,1,2048,2048,2048,2048,2048,2048,2048,2048,2048
zv271rqi852wgjv00qczlizj5sm7j9lf7llicxqb12nde5snyxjybtuimfmbo3p9,nmcqln1lt0yafbi6cusytwki15ryqyxpunqt4r03ah398zvjtmmb1bx563q5dh3o,j5mmxw5txe4deugln1gajdd1bqpfx4p5adxagonmrzdd46vm7fozp6x5rtbiqe5o,1,2048,2048,2048,2048,2048,2048,2048,2048,2048
z5rrgmj21zovrrg1tgrz87nr3ywxwr6g8xnwqrmmscwdafdho0ze8c9zwjmxd7fn,okl7jeoxqu6lxg2h0l8k9dzq050ooahgutp83wveddmvec9xqmlw96q3cbuaavy7,o2jb5hg8decxgv52oyzha2mvmhbcubkjhhlnvdy7p4zsh7jzxaqyeefs70u3v651,1,2048,2048,2048,2048,2048,2048,2048,2048,2048
5lc4v67wfdaxksi4d1xyottc9n52kslic0eyua8n91z8jkcc8yy9aw6bqo74yucj,a9bo5wc91r34byo1kiw2jmk9wrxv2jt9z56ucaq0q5f6xfpwcaekefnyqe6k5d4u,o0cid9zkb8bdohlzz8jlmf23j6dj57lgoa41253zefk05cj5lrr67apey32cz0si,1,2048,2048,2048,2048,2048,2048,2048,2048,2048
zjqk7y2bbn89wtcmesth1cafa9whp64p6o0flp92hofhevbb45mu0rv6w6w9mgit,g9heydpm54glerba9bpm4lg1hw7vif6r1uvwihz8a27iohzffv8l77yfw3h2dso7,84jci2dn0djrjjiwcl2gdwd5xu9snxtpecewbzp1qgfwlhsmkvciz0fcgkhr1mvh,1,2048,2048,2048,2048,2048,2048,2048,2048,2048
gvmd63nsycl9vcaciw4kp6n5ou129wfw7yrphx4ha7dlqf3pj5u2xd255xuvt8yy,5ovvrdfykgbkky42v1e1cmc94opouoarm5oc5i6528uoqo051jd6lzn33k0ys4xm,2nz10ooxlnzv34y4g1nd0bss1sxsu1n0b2z1puo8hgdeshjx5jcslitmwdl9mbef,1,2048,2048,2048,2048,2048,2048,2048,2048,2048
52r7ce286y0y9l1s96oo7o1vs2wdontdneso4a298fgzgajiiol2q40n3mu4p3na,c0zedgz7kaf83d5mud2kkq01iaywndk6ajolk4elj1yz0uyhcu3bqb5tzl2ca6d6,ly1ojkcmr2hsn768vwge9jqo5okgbgpwy7fnyylyce55eek7d7r5rmuy0jz9w1il,1,2048,2048,2048,2048,2048,2048,2048,2048,2048
1zp781y0n4wx9kbm8sep344gc5c1bfpel5e4wr36ca9oydkyjciv5uxmj9sarjjm,r3qa3c6o1f5uwr1dgxc6uqmgbetru5tkdwewyhbj0d9spe7wuwcdrfzcowhzbdgo,yglew332xs9esm5kww3drpxnj45r5nr0z6d6gy7iloqhh5he101ixe5j39z10o88,1,2048,2048,2048,2048,2048,2048,2048,2048,2048
az7jx0lxwishhb0ejid899fpld0nncco5gbrthmsucsf538nidib38i6sifseiwv,1awsbvyihmu5g4865o0b0r5o6fj2l4himnf3uuqof6gwnq7m551radxl3e2qne33,n3h4hvji8sx6eeoiox7i5o24trckguwyv0o07tdp6goh50mw11a7c9i1xy8ur0fs,1,2048,2048,2048,2048,2048,2048,2048,2048,2048
6z3nsxyjydb36k9p6uo7ytgxpr62mezowu0y904zxghegaykmp442v1e9ceg453r,bdhjggkpngin4ketl9zbfgew6mr4wiw86cmd9vwn1awbw5h7py5qxpcr0e9ox5as,hyndi2jt1i8ewsn1cafzhzas07m44hkaphvrtds9bbhdog0e2grn5nj4su9wzuuu,1,2048,2048,2048,2048,2048,2048,2048,2048,2048
7t1s9p8268c5c99960wwypvkagmsbhgta2zz5dba97hbecrgbu2734vgk2tosv26,ms8towj618sjvw0cyztk6povidrqv37hhieqi1op60x2p3v1bm6ec57i1yqekj5q,org7rp260ad6m3wq8h9a1cuveyjp5eybk5xfbtdefn1pp3gpw0bnir7n3t2ucow8,1,2048,2048,2048,2048,2048,2048,2048,2048,2048
jh63iffzqyim56r5dpvo5jkwmihasa8n9irvdd4sh8h24d9bk6thxtr5fc798lqv,yakzifvmj1jig4twbje9an6qpfxsyxi3t9hjag0230b48ox3y4amkugwtcve135o,obdeuo88al2c5liozvhpceeadtvds4pl8jprtojm6jjpk39irbhvtuen20g2k40r,1,2048,2048,2048,2048,2048,2048,2048,2048,2048
he0phsc14uphrnx6g11sf8el68xzgw7wk7fuvnd3jwf4mp6hwu53qzl3b273sg4t,7ydf4a5r4ctw4uyhvmm3unwro171yq4qri3vghlgjeltqiqrs3urvmx7c6jw04me,slg93o2txfqunieewgvvtd2po9hzcdvwct5e4yif3a72bzfdmstkbqqelgz1d98c,1,2048,2048,2048,2048,2048,2048,2048,2048,2048
cimuoz9vby70s1fkimulx7xzf6mfi4ke1ywtin0oerajxq3b4fbnbco1tdm32myo,1hyc4gieks9bpdvh47fh3r7csj2b5tn3kdlcvuf07vzp6gqvh0ptjge6vvb678rv,nrq2wadkxk89jpxv0mt9d1cn6n3ystdjfbqef7wlkiu6qo20nquzmpj3fj9q8wmw,1,2048,2048,2048,2048,2048,2048,2048,2048,2048
50q9oqaw82mvgut4hx2fna580dw5jyej18vir5nkk4r0f1ui7bibcyzajwssfx2w,7u71fpl3dtr79vqxinnetx86eqne3b4u3vthdb2i5edlx8gmtt8fog61vkehfxcs,e5b0mjoyeu23cr1z5qc7g81ygwlsarklg14ppylw9qvsf9ekhvsxzlc3t08n54b8,1,2048,2048,2048,2048,2048,2048,2048,2048,2048
lf4pd03l12cihw7jjmzmzrsa7mzc1o5q9rgfxyf28k5abvczd5oqtq242uta7ova,xzhcgon55t9agiwnd6cuvpu6acop96la9hu4iij8ye1b853i29eza96t7xo716ar,3z7ojr5xjur5edsausk13beys6vicgrt29on1sij4xjbc0v7ka1zpt1iklx2llfy,1,2048,2048,2048,2048,2048,2048,2048,2048,2048
pmhno22b93s2kbqtuf1aodnwx6bfypffkmxn5javdabysb0bj3y83zsh3duj7the,zk9f42b338oax11i5vja3m596qz5ebgzsmkiqpzhacs9q45zsvswz7cxalyxwfk2,bemcluuvhu3ffin37phr2650a0hiy7b0io1sgvm72jq28112lbw2f2jcjp697bm9,1,2048,2048,2048,2048,2048,2048,2048,2048,2048
a9filtdwcn8288thm54e9zfzwgdlxbjcntkallfc2025yk2przql06p7g37rbk1h,2hfnqsd7rfybly7w1uhqkmmyk6oc9sgp5q8nkm2nho51blvpr70572kqhstspxhe,tzr8cexs6iscp3ewwlypevinip39r875dd08bjhiaf3w6vtzu59xqo4b4q0885ma,1,2048,2048,2048,2048,2048,2048,2048,2048,2048
6kpcue5rnduxkqcejd85d2b0e1ybnetxvy09598a3fmps132nbtqkyoigpexwtgd,o81kfs2agqet0t2s8fy1hjmc3rb3o7i4qwz27dut756xlefvacoeah8rd4t5hg5g,t38lcdcl4ktcxjk2hwdvymzfpy34i7ob9kslj37hobjovbb2d7u9tlxvc7x1sk3z,1,2048,2048,2048,2048,2048,2048,2048,2048,2048
zslpsnp1n65w45cf7b2freiw02a44i52qfh0dgjmkmx5z3bo9qq6dm1o07kfov9r,ugtuv1c8777fcnuah9v5rb3x6wqlx89qu3ygiccpcubi398hl7qdhzb6x7jt15ed,4a3kbqxydkkohmx37flc2660xum2uxxkeq6h333uthg6hxbesxzvoh4u0bf65so3,1,2048,2048,2048,2048,2048,2048,2048,2048,2048
6oxtby5gthv6pcrzxq7c6go6ff6nnlbj4va036yj39oievvxr1qnw0b0im49nywk,v2hd7i9fdh6r06gmgjjmttyuhyx9gyws498jtf3hbsju0fzv06kb2ep9nplzlvg7,002sneemmmj1n99hzgp6czn8pfkhw1ezuv7c0oxsl3d2bk6r90phkd06uh17dn0w,1,2048,2048,2048,2048,2048,2048,2048,2048,2048
jhb24uh7fvubfpbrvu6nzb1yinrwpiitg8suev4pe4hk17070s0mqlqffmxd0jex,mjjpxpn7yraxpowlyfnct091x131rry2u6qlmdfebu46s6trd6ghlsy978qug50c,2uep7nifo36b0xsk9apz0cx00wevqb4nm7erxy4b05z9gp9zkn4bp22valmq757n,1,2048,2048,2048,2048,2048,2048,2048,2048,2048
77n7fv65ichsx163im47hceykfx0obj20q86r17ecbea5szcpdk2d4kh12vuas9r,q87637wxoshvzrrb6bml9e0aebgwoi4ao64mp35x3l0la3wx867audwx96leqabq,2d9m4b4hegtnmoi1xdozk7o0a7uxk9miipwjooal2rjanr0fkvb89mh6nt6l8jzc,1,2048,2048,2048,2048,2048,2048,2048,2048,2048
3fr37jrxfo8oq9grj9k1xte3d72ykslp5yuou5u8nnuipoxjhvu4iu8x7vterwoz,krlzmy81cqs2vegswct60y8m3pol0ycsj70zgbndrlc5d1i4ivsdst7iguu1ol8q,jya7xveakjegtc7apfobj3u9l2eszw9oiz1y69o62tkwz8m69oez1casvrnuqa0x,1,2048,2048,2048,2048,2048,2048,2048,2048,2048
3ajgdkvn6rms6ln38b9uedvqmd2utwje1s6s5n6u6j9sx2e9d7krdonhh0i4e4zo,jhmwe4nwc1vgt6o6itnec6t60zteb964ofr7mx1v8v15escq67vxmxptvimvz3ve,bzrignbijg2w63unpnzkm50c2qudk7q7s9pbx1lrhqf5gi07xxdifylpoiksd3co,1,2048,2048,2048,2048,2048,2048,2048,2048,2048
jopxfhehzff5gqattdpert1sl5uvrkpzfqbjxj9kzwtyzd7twg35oqektd40cliw,4bze8z9bg2cn3llhk8nlvluoq8ntue2c6iswvyc8a2ezdqt8zjxo1wucmgayl3n4,fcqlc468xpjr98a51mn42spirh40qar3m9puk4kzznilebh4cw7e670rckhd267b,1,2048,2048,2048,2048,2048,2048,2048,2048,2048
0tixf7h0l9yefjk08m98voxcgo4227f4fdhd1btlmuou6ju1h39k0exohyggenn5,rw1buaja75ncdqcnosun8lnz13qslvchfo11fiybur0fvzs93w9pg6x1rtd8awg2,d53d1alnhyjwkml685jajbzbxmt3o8jxgsyddcpkgweazdv0vo7itsb3glth2xls,1,2048,2048,2048,2048,2048,2048,2048,2048,2048
ntbu4pdeu8vfziq4a3pqauxj9u853mxz323us5o6uh632nf0h4qm1xaxd6pbiv9m,bo6o3nc4u7n3y70g7llvgqz1m1m4gxthpoww5g21hrioomgdc4vhwrgrlcips3a1,ltpqsx5uphfemokdbjiezy3o4tk80ptiku3097oeefcddl9fhzy3pxvy9scvm8j3,1,2048,2048,2048,2048,2048,2048,2048,2048,2048
lyozt3i133x8ec3jy4sp9akljhdtgjc8m8tteyd7d92rhigka3w41j0acd1yb3uh,ds6l564tci30xdbo8o84qc7sv4hxpjw9lylv5tk0mki0i5z5x8vurxg932znzapz,fjta7hjiwld72i381w5p9ht383n9io5c4grcqto5tkmq55uvbcn8re47u43a66dn,1,2048,2048,2048,2048,2048,2048,2048,2048,2048
pe8jrdabpvjsbx7hvukv2x5ela4hfllcjz2wnl0vczhxwbaa3934l65r9bgn0d19,hqhay5f54pres6awdtl1b3ubh5xhb83wvs08kmj8x2254yyjkpr4penvnwh0yhhc,v8vf23pc6erziz78vj7d83z4g7hbouzru99h5ks0maaon6ay9d19qmp8mspm3ep5,1,2048,2048,2048,2048,2048,2048,2048,2048,2048
4egl6d6v0129iofrpvn3z06wicpizj7yy7bslh15rz59xs8k9a2fjn15qa6r1wb8,vt4tswx22xuhqm2fkz6no1nbn3yr6hmuouoggn0mpwev7b2y87x7r6jb7bk7dlws,kqymqrccgtqtiju2m3olysoyewn4lysonu3kir98bhdvzb6w8m4tcob7vhqfiaoj,1,2048,2048,2048,2048,2048,2048,2048,2048,2048
eo7658myprvs8mf2aiu28gzo0dymhrwqcbd0nemwgvje1jxov35e4o1fws7e5k8z,0r3s3h3t1n3j953mzqzo8jvzhqysiz5ot9sauh5su8sqpx2xgwicpaod2owr63gs,ubostnvelz6tfhb8outhjcrrsled56jq69ad71mluauhli42mzmpp7i5lbkn72z6,1,2048,2048,2048,2048,2048,2048,2048,2048,2048
kk8w4m0dx28yqcxu533lsrzh0p8nwtnze2pvcscn3uvafr30qh5sn2m5hqae8sju,5a5okflqhtv0aeoflz7qsigxpoaimc68y12lcda9bdyr4i51knvmvm3gvs3h3u18,37ba8u7hle6f2my633xfvtaote5tv573rbafkca2byq9t9guobjzr9vpebigx916,1,2048,2048,2048,2048,2048,2048,2048,2048,2048
7gh7yz7udwtdj3nj4pl9kkp1xj4g990xk31gcnwctlaqpnhr63nve6hb00ju9eak,m2hooj6ewyuic17tpdxfg9n7lh7vcon95dhwh95n9advyqovkq6f5bn7yscxxs3s,o89gg7u7jad5fzmt3cizni578tjg48mmrl8z2ymseicfu5bsh65iu175oja0sgms,1,2048,2048,2048,2048,2048,2048,2048,2048,2048
7736cmxt4jkot5ylzccj97ooo8w7cnirog9jdhsehejyal1444m5zyyg6j6zmbdq,pvj15j042bcg0f43nqybr508t5ke3xzhiga09chx24jwt86e3q3rjvr2f8i8abz5,wnapw8zl950lyjl55dxst2culwxyzv7klur8lsx5o6igca46wvjn4f39xu7q2se8,1,2048,2048,2048,2048,2048,2048,2048,2048,2048
p97p2kod4pqw2fmquslnan5ubclalx2a27vwd7jcigwsl0jfy9ck672hio3wj3ie,cei18ocx7ixej8v5ff877d6unkztqi688jim9dnf2nfnjupkyqibbur1wc2hah8w,xwpwduf6ftg5nxj4o4iis1e9eugz7zy4s4ynvmy4ppipl3l7mk23suvarnkfi1cp,1,2048,2048,2048,2048,2048,2048,2048,2048,2048
37td40jfecalxosw6es43dg9q50u3xi2lh23grl6lr2ufjbo9b406wxkzv8lk73i,8sfwx9iizx2adaqr5ga4ntaun5f15ng53r4xui53u99mkj4yxs3dzra8i0o0cx33,q88q3j6l97edcoqhnzrvjdmopxo324805i4mq5a9f1gip8kjuvyxs7mtkt80cr7p,1,2048,2048,2048,2048,2048,2048,2048,2048,2048
fc780ynsi0a1aehrbs6d745wh3z6h294bh5v8rfj2qfvfw83frcg1tyinbbyf88b,jn6abu179s4zaht6toh59d0q08m36pxci90khlv13g89p8vs60p57tfnvvr6g2jj,em3hpze2igbtupba4c9lyxcugxknkwab5hciaqujols156hw11w18e224fvuep4z,1,2048,2048,2048,2048,2048,2048,2048,2048,2048
yma2nveowi90vwjexm8izlg6hslfcqvoyoyled3maap0fh6mlhgd92s4en5640d8,0trvp2131bf18i4p3fme094m0eb76h4d32qc1gcxrlyfacxyj1jgurbs0riw3gtz,azy0z645ubgncsvoo43n2xdtj5awn5xn74ujxx697h2koo5dt5eg1mtzwb0e808g,1,2048,2048,2048,2048,2048,2048,2048,2048,2048
ucp6713pmoq4wg4slgeg6r30mzmhgfxepe5le8ix915vt1ht98kiboylx00g5ang,ek5re0an7jj0dh555l8mmar23gp3y8xot01hjz8lfww6c7mjgvfgegr73qn6xzf3,qx9tkcd8mnsqbwdgr9q63y83r2bo88jzt80cfw3zxpxabpxnek8xsopwo9wb0ir7,1,2048,2048,2048,2048,2048,2048,2048,2048,2048
avgycdtlzx135iu4v63zdbcekk8z1z86ryk96m7dm3dbxh6hn8usbrle67pzrrcm,ddf5vvhh3vmhx91naohdfjsloeifk8yt1a0mq1ewet4ia19bru1qzx26j7ognbg7,n7s2hu5qug347k299lri8gqc37plsf3gx9pltz8q6hzh63lbvmhwrj25hmfd416m,1,2048,2048,2048,2048,2048,2048,2048,2048,2048
o05heq9to9o0iacwaq8jecsz8ynwnwz1u8mlhqpymbtotzzac29kj0duqqez3nsg,4808srj9iszuy29icxfvr6k1yadyuord3kvxb3yy9w9qmee4ajx1d2w8rb89uqan,if6c57q9lzjazhmw2jef5mjvkfxvi65b28472xz7zvpeual4npqdkrc10a06sj84,1,2048,2048,2048,2048,2048,2048,2048,2048,2048
wiuugxdjmqh3m3ji15lqfbdc3myt51v5vui4o1gfh592qr0r4s8cooe8ssmjtyp3,isaqb31adbldytvsv8vue3qf8s20yijdguyhc179frlfxzsf9svk0ximm7g9d6b3,1vch3lbf4w7seny1q8p1bnfvkglaxl0vk2l2n58pex72637tdxbbbyo5cucbzjke,1,2048,2048,2048,2048,2048,2048,2048,2048,2048
4c7zbdur8ljn0oq77885149vcxnlgk0mon382dgnamlkeeswxvbhc518ztdqtadq,mzvpe080rnscbec4gagvql75fpjefoebih6ecsnrk6mcwde1gshxhcg9364ezkuu,lhsyoid3c1oanutbq896xadpx7w86rxdilvdtd67kjzxfijkxe8txtjge7e7msks,1,2048,2048,2048,2048,2048,2048,2048,2048,2048
zi31ygduiffe8teu3z67e6tklzkviwm1zr0sk7mbgksfnh5q3amb4mdsidzfjj8i,xd3a3qy2e6z1ekq30vx6rncui1vz5d124ij0w2xu26vvdy4qxfjrmn8t8fcfoo2l,ipno9jv66rxgd23f7kcf7l4xma2fij1i8uq5vxnwfv3q7n7lbwklrq7wv4zydz71,1,2048,2048,2048,2048,2048,2048,2048,2048,2048
7m6xjjht8ophusg2jh2dsvceplqjzvj9f9nxryuqah4z66wm7uu54nvvmrwr9x2u,4wl3n83w4cfmlezixqlnjymls0wc5olyzrn6kd3asyohkvqfq5bhp4fahadkiwd0,pg3wnct4di6mvp8iggow37wcfaic0fj3100ql3fbj6nb6edhvg8z6qtqkyo1ozpd,1,2048,2048,2048,2048,2048,2048,2048,2048,2048
h1f4cjypl65sa5z8me1lxjo2g06qjd41l5hrz8lgcnv3br7ztq6n2db051zy3dip,mznhmmgld7dbhn84lgaknhmmbl85fm423y754hqen4ja38zjtmfzszfgdkxle8lz,j2rd4qp3dqy6beggdkp6v8874eixtorliwzoy55bbxjltzzcl5pujnm5z6aucnes,1,2048,2048,2048,2048,2048,2048,2048,2048,2048
elqy5tnbrs4iw15gbl7l52qex98jg4vogtg1q2s6c9c4mlb2zten474pj4nub7dr,n1vnb38ey7smgg3tudobnmy4akxv7hbx4x4rhmyjdzwuz78jhvzqcgx5r9mjk6a1,yh58bav4g8nibej16eq0e6apqm7gsceyjntmiz5b3fv1t6jz08h9l69oim1ko2op,1,2048,2048,2048,2048,2048,2048,2048,2048,2048
somn852su46av81apgad6ns6ln3pu5d1v8zp6uxcu0grijum28y3levrv3viok3r,gzbv54i03ffhzmzcirsu2cdmxjnpwtjcq6hwrjjbuowv7saottvjj9etpmg9syhi,e9liz86hwpqzobkk4q88fgp5txwf3v31amjl80fudmbarh57b3ujxygneho7ulw1,1,2048,2048,2048,2048,2048,2048,2048,2048,2048
39waex5llfoymlmxro57l0djqua89q27rxj14rq6jc8g1u6ydsj3fhtgc5y2ek6s,wjbuvechfd1rnmqtn495q05ismz7of1r74mb93iz1zedl1ioxg0vtaxs6ehiwq53,nrc6u7y1ec0tlvq2go7cldxl2txkkpengkiazrg96t6z63jlp1h5bal3qvqcm5uz,1,2048,2048,2048,2048,2048,2048,2048,2048,2048
wecb7jqo3zmixyt58t1ca0mzjjb3ke91738widvnos80yzsme7kimdori9b4qvdn,sbdanb79nzhqux5ut9k51yxe7o3916ya5igwy2183yjk8waf7jui9a3soa1uut5q,vf2ngkryhlo4z22sx6d4rph47ms7nrkniszgo65h04tfj92f8rjni2qbegcn9s18,1,2048,2048,2048,2048,2048,2048,2048,2048,2048
d637cslfnzytj1zngfxoa4xgch8f7efndomssz9s8qp6clzsp23bftgnpipcosoc,6ppr7lzqw4kqfl92evowjr96bxu04wli3r1wtrj6kg0ejjqbns5a4drrhqkjuglm,4w6eq9kb5ebw4cf1oqjom7f4a15nnf0g8zcz4q8n30ms53z6fvfku3pghwrbl3un,1,2048,2048,2048,2048,2048,2048,2048,2048,2048
nuw1ry8a30hepz1jy73fk0orwlb6zrq09x55r28rv3exmyxumsy2829b8bwydzl0,808929xzk8fffby5ytfpvrk2bjktwgvb9i7kgb9mptejljsqb0l33bxf6e6w4xo3,urvw6n5b3hmypawgo8egya0iskwjyvxc6i0qzthw7tooguydd7bcoad8m1wd17e1,1,2048,2048,2048,2048,2048,2048,2048,2048,2048
7d1l97eti2uflowhvt07vd5ried97rc24cm0bhgwirs64rdcg7uhbxk0zqqfvc72,rxhc83zfzowra7ka95yx7kki7laktvfh6da1h3m0tm3fwupz6vsbtpcs9qclpi3t,rz889laxlcmrieb9gsrfe50i0j9z92wa9n7shup7f9xbxgfbu46c3btphj8kotpu,1,2048,2048,2048,2048,2048,2048,2048,2048,2048
bol215k622ttkkn5iz7t4uqvmax5lg2okd8z25t58fu7do1i9f0aw15nj0sgqnn5,s6ou41oj6elptykupma7v25tesgzffsuy5rh36pc1cmwethv3gbaqhg6o9zdp2bk,sjkl1qd4zqtm6249znozloinm60iegcuc9c9unkm5prrzd465fixxek36xrn84e0,1,2048,2048,2048,2048,2048,2048,2048,2048,2048
07h1p3ws74ctp5drhg0lxw5tuhp7ncof9pgnnzdw748bcn7xu87flasf91lpibxw,luoc45s16vb3b8l4v9f65sd7xeuwpxkylgqamw4m685nngufh30m1vtueqnvfb5r,7uvoqcjle6r8nx2pn3zawdgntj0idrm30cyi9s9i5fukuvfuhc9u0p2fthkk63tl,1,2048,2048,2048,2048,2048,2048,2048,2048,2048
zhoau97ukzjow6a9uhdc11ybo1u4g7noiw0ybzp5p07i7ucrnq3x8rsru1hgsc1o,ld2sat44zoo6jxhojp0g1i8wcvkvn7ljfv08pksbo7dlptkzkvic1mk9n5jisphd,kdlyt3aw4czocxt3is94rk7oueuq17ameno5965wehjpknyf2w321bv195ci1mgu,1,2048,2048,2048,2048,2048,2048,2048,2048,2048
ohspvb2tlcn7x1w1hn0ihqtpkhav7dcdqbfvhxgobaji4j1pyae2y0w8oxg3jicy,smi1lroaurtd54x5xmmr7dtfxlhv3bzaxc2gqv6ku9xbb8i2a1dxhml4cb10y8pr,vr0paan2ge8q9kf79gx631a7g4rfzhb4l5x94kgyla5tv0gl7xr9tqkxplvo9v31,1,2048,2048,2048,2048,2048,2048,2048,2048,2048
9sglqg0mxjo4ndjte6w7d7rjj190ijth6tymlce0502pzolmbgo3wtp9xmonm461,rgozrq2i4igpubak2x40vh2blndys7tdddcmt2sal29194ogt9yo7c97a6n8y51n,499o77e01tow13uvjfmzf74an7qimtl9a31vygms0fueb4cuh3hw61os0sn4bu90,1,2048,2048,2048,2048,2048,2048,2048,2048,2048
x39tssg8vksnyuqo5dpptalf0y5rylzvuwq75dom4vi9gbvhdhzqhaog8vvh03ly,xvr3zgqa7dhcixq01vue6tryo4pv9om0rgrqw8owi8tq8gkwae8tsv1kpe3d8quo,m316gwb9o485k51e187ftpm9d3p0p1kk61q3wpmmuh3f3kv9550h4hwfcv9fgund,1,2048,2048,2048,2048,2048,2048,2048,2048,2048
crah174c54ukmzvoxlbzxbdqfjf4qn4yjv2j3xsziv46bpeybvpcch6zrha7e74f,ixl5coupwds1jy6qg5wmqwwoetyjib87513bwc36mxmetizx3imma21dw9b27mef,3n1fbyg6m8qmgl5q4x5xzrqznbzxqc8yvpdhmji4b7j4wvic2s5scq4f2koecfpv,1,2048,2048,2048,2048,2048,2048,2048,2048,2048
w4wwxydxl8o3wzsxab0gk0mul0q1a3zjqxl4vrgvfdkvmxntf60yswc93cr9j0tr,eabybo0zawvj7y10k16l54hf8rsvpe599f3lt5sqzcv0pn9w035eyhfsv9ui812u,6el07o889m2b5pdpxxz1mhnz6me01e0kcyyar93n5mdevc4svj1bgxy7q74g9l3g,1,2048,2048,2048,2048,2048,2048,2048,2048,2048
n49wmdocgtio05nr2gpe7jghenn7osezirjatt7b68xmzpt3zoyflimlhluneixv,xny2mrey03etb61ir1e8ufgsofa54y6td29mpoki5l3behouwqc7dpg6bx51hcha,fc1c9supeuk2n52wezdkruiedikpzxehdm1vnp78vw3rleyrvacuo1au5c8qvrv5,1,2048,2048,2048,2048,2048,2048,2048,2048,2048
jsyk3z6se1bj6ycjkythpipz5q1jbb8uaqtm9dohc6dzpacmsk4ax6l3jzwatkhv,lap27y2m8wkdk9jqwadmpukzk1glyj36u4s7nql8o8vnxf5ts1wi8sxb5c0un51v,z4s0j6wtfoxh9e6u4yyxteuij02tpv1q9ee4qqe05jotw3bhxqj9r3t71tet2xgl,1,2048,2048,2048,2048,2048,2048,2048,2048,2048
pwtl1poqv8s3ga7qjollu88o5k0daom2oy7ks9a89a0lyrf8tt1dyxdon992t7zu,6r8mllxfly0iuy3arspux4mjmy3abyodsvx3vycey51mwx26twomgjt1c5ibtbt4,z62ajge3fdeytmg2hikdvd5q2iwd5exwi9kh9m0q4ps5105htcicf6ji1o4rhpd3,1,2048,2048,2048,2048,2048,2048,2048,2048,2048
aj6sddbihuoqd4j0hq8zj22b45zbktebmufsqisabeebc9dpulsdaxnu0qw4ne7w,qctkle2np3hb975iovrr29uo6gpoq93wk1vqz8pufs6asp99vuttxond8nbsx832,12btbo3e0vzab5nm60rdnx65qdx40lz3hdvi9f11i5wo8godfxg6e828riv8d5i5,1,2048,2048,2048,2048,2048,2048,2048,2048,2048
2e3as1y86btla8d77eyrpz8thxhbzj1hmg8rtakk7jzuyrn20bnaz6kyit2ugpe7,5zwbil6plk1f5qptw64hjcgd1d5xrkvk9lq38jpyoddj7t1v05qyvvm05zqicwzt,msk010fc8fsv3oojonmbucn88gdek0t3rcew677i0g0ank0l5a8wvgloybhlzvi6,1,2048,2048,2048,2048,2048,2048,2048,2048,2048
ts2lwsfi1cpss0hvud56jt96zz23ym1tbct9i8w1h2gapfgw24n0ny21ue5cqwzo,x9pddp6bfefen4uyy2zutoql18t7j7cwi2buvkohf56x2837xsftdk04rk66jhsn,ek36bxg0covv355wqm97yf2lbxfswu98j9g0oqgl1gz5gpz85f1ysjcizdnq3hde,1,2048,2048,2048,2048,2048,2048,2048,2048,2048
fvui0bavbrgv8c57ehypno5sgly7y04n9g2axerc559fxcz3bcwxi93hkrzcgtxb,hokfde8k6sss866i1u3qnccrly3lwhxm5xg24u3obo3zjz6co0yojwyxykks5uqg,dbbijwcytbxpo7st9zda6ikitgxlan72zodezb5xiqiimsfeer22wcd07j5ci3tc,1,2048,2048,2048,2048,2048,2048,2048,2048,2048
xkro1ffwp9lfxfvbsbq37sp7op3u8qhv6a2tgezp3ebtqankzcmprocz00y416qg,4cbgkrjhyd11lrslprye1vznfx0z9ghvz8w9jko9t7zqky5tw2jaes6ox8t2o3zf,0r6nqxfprvwennl17qldb5goirxh8zkv99iyqofl1nvs551hs08oooigymdmprf2,1,2048,2048,2048,2048,2048,2048,2048,2048,2048
vxarlkca27iiub5x2xg2kktompz0ibt2obrtgd10ximgyzj9tmt0ywp8dft8a3sk,5x59k03k6wqjd97s152dos2yuzc1aubag9chtrxgyqxutjb2x4kg29desqon0ztx,r0v6bf82asf401264l1r9en761ovv4z0dkum7qxw9dzb6887amf55m42phq1war0,1,2048,2048,2048,2048,2048,2048,2048,2048,2048
y14hl4bu0svi2w4spfuaju9kjrixh7pqofnrd8354t6so0vgy4tfcro8yceyw2yq,v5uhaixy5sp5d5eaq28qfjpfzx422uhltlbfbao5j6a8nntmhbp1yjnwno0ztmn0,szx1d2wf7icbl967lqqd5nqg32j1wmq7vapgjzbkk9wmxh9v3qbf8me9army1b0k,1,2048,2048,2048,2048,2048,2048,2048,2048,2048
udhfu9va3ys9mc6qf65i2seemc6kjayh17tuztbg7is5caeq89ce6uu7ainnsgvo,bxvt1g2xl4cpfb8i1l29ujayfik0v9sx9kv4g44a74fdqrhl1yd43vdfz5nf88ju,5c9zewwefn9mzrrssk5ae5t39w4vsu5k3imloifjhcf7amrfr6pzqp50xqgvmmn2,1,2048,2048,2048,2048,2048,2048,2048,2048,2048
izn6uk5kp31i6g4mc8vjv1av7azvq102mok58hukvf08tsy9tnv6w8eo261ngqdx,mtmq4wi73rm857ecz04teiet723mixjynk0w9bf70t0ep1yk9cjy8j1dbu1rudv3,uj5yyzg4gz9s44cds20p5yagztnz3r56rilp26qu4t9mzcu596w8p7hmbxk42xlr,1,2048,2048,2048,2048,2048,2048,2048,2048,2048
9pxbrkf4kuzawe9ekhu0tiyq7739v28ns15ji983djtrxn18zlozbi4ooajpmpw8,3po3t8fp32fjtwww79rdj092zy9fst13r3p3w3lvc5m29m7cuxx4shgmxkv0slet,oh83gyr1xcekh4tl56xdov9i2dx0c669005fcxpysrwwxak8jqwovoklufgnn6z9,1,2048,2048,2048,2048,2048,2048,2048,2048,2048
2s66imaqd8lpz8e7t4jbt81zbrcd98csgqi1001dqgzermlrmw7y5iswxlvsgyn8,r2hfe4ckfq0g4e9t8i7lx7qxpjm5x9eg2ka36bzdvk7zio2wz7z9mkil5gko6xju,7cql463kkmrf7s71sz6lcdvcncb0h29f49vx20km0tmnmdtl1ij80hwqfxsjue0i,1,2048,2048,2048,2048,2048,2048,2048,2048,2048
cpi0h6k9scsse25u8ifx5epopy4vxzb81s9bq6r9xhvmjmcvyphxtx1q86n24o2z,6mumqbwihxo24kako0a9cfj2ir3uxx8dqa7juehwz7fsg844gftwyfr3jm0yfgn9,0qo8i839j69sqsto5eo5qlvg8sd03g8lrjh6h1lpyhissk8axvx5z4c2rrsy9zzb,1,2048,2048,2048,2048,2048,2048,2048,2048,2048
rm2hrrwssrxhaat37itnf25rjzelk4gws49ywk699d565s1k3e5w3nkb7xknaji0,sajnfm0fpflh4vrlt3e7nif5569h6xu7wcrp4qe3sa85819sy1cdcb25nn7q2kww,kimmx6ngtwgjh79y11e392jofm33j04l69kd6uksoo8uedm4nlt495y3wx1x9euu,1,2048,2048,2048,2048,2048,2048,2048,2048,2048
01ussdxl7kqtt8umfp5s65q8wdrg2hl9ut83k7cg1jkbh15m7md5p5irhfoktfln,6zjutqxfscutoguvu2nxdsp3r3q9r982cicxwu2vlvuoko9sb4q2ruttjry7v0lq,writzhyx5e5r3y5jx1393efuy0u8r5zww33jlrh44isctsmrht1c8vgcwdmodmxr,1,2048,2048,2048,2048,2048,2048,2048,2048,2048
5l06sq72ced95l8f6eshut9tokb086lnhjqezk4sql484dlwdokuxbgagamjculw,mfc6l6jrqupu4wjx54aprf7c9nhznavuyt68p17pqnfy60v65k0v3812cjmbtbxs,wxcpistlvwjykmcqudyv3t4zjsjykh0bre43ccrv8guca2l9tyby1wgtb4v9qry6,1,2048,2048,2048,2048,2048,2048,2048,2048,2048
p991w51jluuq40wgrdnwppst9wun21t4mifqlkyyhgsckbzgjk7pjod3iedwdw55,rl0gxe0ncc6ds6waxylg6p30zzudx7y7ipsna3o7xmvhesccmctl9yboirm97nxm,0sep349uj0nmgkaq0ytmpyh6cmeal5bjko6jfnfdg80esagq9nakswxnfbc3n9pm,1,2048,2048,2048,2048,2048,2048,2048,2048,2048
0kgb7zqwkbfxh39oumllbaecscmb0uq38e5hotv1679zr38viq3zanxwsy8qhdx7,z9lnmowht6n4gpzt5wimqhzhpzffhajr5col0zhbkjl8zg69vvbpv8y5817t8d3b,ooei941euxa2fsxzhsbonhpdux2qj5ycdbsvugmomus1s75adeaxo4t2z3upgdir,1,2048,2048,2048,2048,2048,2048,2048,2048,2048
1qf91j1h6oz0limz22oikjz5zfom1cexwq41z1gzfzjgxdrdsj99987joeo8gfta,tc3aktnvc4ucws3d3n46vey04pw1trp9utnvhpu92csnxg2hkp86105wtvc5i299,0rww5atguvlhspee8af8iqj2sjx36pvz5taycri0myxegtkpzg2gc8tkov15kru9,1,2048,2048,2048,2048,2048,2048,2048,2048,2048
8t6kt7j4zc0ci0ilxcha42bma7ndxeu7j4qwldfjf8tmylagusk2duh9f90uu4ry,62p3d9r1qz76ianlsavdqtdbsdeltq9ghw1tmj48es4taiomampsmxkmrzjb4o9b,682ymms8xkm9yi67icpjw4erb9gt8p62x3symyroplf8dq3ur0czmg2b49yb9895,1,2048,2048,2048,2048,2048,2048,2048,2048,2048
fi9rarf61xu3lb2bcd0fv1x8njtklpiwkhl3xm6j8o4u6ebgql0ek78jkxbadjx9,25s6l2xnm7krje8f4ucyjjuusce2oq5ndra25h8g3nlnf5aq26avvysi9jufwplo,56xlz4gkjv7l1bwnxl9r5goo0lv3zmmq2gz5yym7kbhalysvy4ujpq3n5luc1y4p,1,2048,2048,2048,2048,2048,2048,2048,2048,2048
8jgt887rtuw0ji4dgsimnxxuh2d13b62dof7rsiygwjajvwa7v9wm8hx8y7onmnn,38e6ej1gaxocglml0sf462pt3gzjvkamczr9exynk352bjl23q5zvcp3bvg91las,d44vuym6si6hraqgdguoio4xgcnb1prxrl04k0ptd8e9fe9bzelmuwvq890rokve,1,2048,2048,2048,2048,2048,2048,2048,2048,2048
kll735cv961716a4bl1kdcc4nxeom7zd76xz5b7iicvwcs9ojd4a504elj8cfenu,qg2krctqs4gxu676aqtmviq2mkm8h0yb2xt1qun4950itl58a2u0dz1aypf8t3of,xxws0vn1pr83jeoawqrptgnpf6e2pgrhhkmkf79yld79ucwm8a429wnhtbedzk60,1,2048,2048,2048,2048,2048,2048,2048,2048,2048
6r7w62c6cskvoi8zuf129vdsdw0cnvfrn3ylnld6d2luojgnrwl1h3bomqdsfdi2,uycu6a35pxmtbzjeqcaq0yc7ajsl69ewijkyaddr0nr66bfnq4nl5u93numg44ul,3rvp4grzibegko0kd31mp6qo0n4v5bqxve4zfjb1fagkqgulw48335zuvxpaim9s,1,2048,2048,2048,2048,2048,2048,2048,2048,2048
cio7m2nwefw6rfw6jw8mzuxdt2eoxl60e05gie7nzkzz7tw0mvfn7kw8aeqlpatl,lcxmuxyi389flhvcak9rkxu7tiaoxp1ovacwins5k66uln2mo9ccvnxd3pokgre3,syxw47h0pg9rvj7yzlfbwn6c89yjknysvzv02q2c8ck5icd7vmhnins7jy61g38l,1,2048,2048,2048,2048,2048,2048,2048,2048,2048
77n21rehghwe3ais8i8715z24usekjsqjp8f23ggzha3xoy3cdr7ohnzopvngpg4,gkx6kis72ge3h37hebop26ms41prx3uuft048ajkq3bndbh9xcstanzyllp28a6a,zg2lybfc92c6ou0ttdg75eggwelpv82y2ig8gfnxsa8se5v3afthyzf72hjp5msr,1,2048,2048,2048,2048,2048,2048,2048,2048,2048
733k45d4ht3oy0qgcghj0di0kuw8yiy96qp9aodjgjbq6o76cerg29ia61sjm8ls,bl2egebl4wb5u9lf8vfsna3j1trjjkwmtiuw4gampucdc2ac1n81x2hr0c9juw1r,clypa1j7l53iywvgi5t7zpm0m4hr7ylk441eiersafg4ocqtd7am78kaurv4yuav,1,2048,2048,2048,2048,2048,2048,2048,2048,2048
xsei61tymivukmf7l5xjhpw4nm6htzk54zwqapikt3gzwkmrcurc6vajxeyjvjit,pc7dm6bcgvkumiki8g3ipk94jstk2evuhgwxvj6p082f7jfgcs7upj82vw9wr6tz,w7i5cqt3db4z87sfkhmh79cvzt8gaj6va8vizixxobd8gw345eniocz7mx9sl086,1,2048,2048,2048,2048,2048,2048,2048,2048,2048
wni6jxly6spg3abrcbadigyxdt3iktj4s36rdyfyzm0d2a73eb02kpf5lbbq24kt,4sn8add2ra04ietwksadjmazgvf2xuf0cbwoo57h1mmsh0f80gh61aiqysyxpj3h,cqjn0rva9w8iccxvd30x8oa0eg2rnb4m3wpeb86yx3rjmbrpnt45tynvn3b61vs0,1,2048,2048,2048,2048,2048,2048,2048,2048,2048
0qo03wxgc1whlsba11ixayyob0gfja4ubcr2uagstt8pn1srcewl89gond1vhprh,qqpmw8q7jn2hpfu0rg6l85h34pskau2xgo3qpvs5th3hspfm5n6cozrcpjgsu0zy,uh1vf7xubydpytsd2kw7szwo05kfoq28t2pg04gnphpcgwi5267oh94k3pmyswpz,1,2048,2048,2048,2048,2048,2048,2048,2048,2048
k68u2uglyroq0z6v1ec3j0p3u5kte9y49wgd6r1l8s9adoc1wtlf1e4m0o14zeip,8210gxvby6awnf64i494mfxqe92cox69s2x03al1kl1rt6mwabsjsrzckl5tu3ve,v64pj55kxf3qtyro6yh65nuyfgmlkpbc3sq6fetvsb6cu7wgov5tzxme91jfa9vb,1,2048,2048,2048,2048,2048,2048,2048,2048,2048
g5f6qtckvgc8zqhrcenx89freo6ysvki2ub6rnhsy0vww8ycyio1uelpa5ver46k,bcnbswczloycqvdf5yne5ksb8ulw4hdoqrlr4glvlb54qx8vouyyywl055tdabh1,axjtgvhgelwyvmododcnmft10upvs4w0ni9kb69pbihp2ne8okhcak6fi21dlvp6,1,2048,2048,2048,2048,2048,2048,2048,2048,2048
byebr5nvil0e5x0vxlt70mznbg317sh3tv59t5l2isneeisiw9avhkkvc2h43w6b,ieq7uoy40cz1n1o5hqlieh95ej2rjqf03tpryrq57gnxb77nx5tl0dthtnspz8xe,x3k231jula3tnqslb24b8weoxvq4kk2u8ullulnjohpxbp5drbdnse11wqy0xwx2,1,2048,2048,2048,2048,2048,2048,2048,2048,2048
pvh2uuk9cm7pwccj0yfisgn2deiuelcsh0pb1ta14tmsmvwouxhqcwzadgpwf8i9,vu2kda6i8jca98kk1jnr3pn8pu6yzmdohcqzvttnkfw6asczqpsxmqtb288ut1i4,bobbk82qqi02xd8xgdkrwox063hkc6vd26nj3hhmmnrc22ytuy8wytm6hcvc2eoy,1,2048,2048,2048,2048,2048,2048,2048,2048,2048
h7nuu59loyw2ncsnrg23scx0s03my9imnfzssb7xukmnlp5nort8hlu3gxi2oyts,wb5cjfke8uhhhz2tep7gzuvasms5uis2huu7vz8sizwd49yg5f3h6kecjx5po8hw,qwasb3amtesb4hk5iic78cvq89z6fz3xbru4rzt81o2vmyzrxiog8ek350fhnhfd,1,2048,2048,2048,2048,2048,2048,2048,2048,2048
vyutuqr8l2dczhkj0mh17q1wd0vhf86bcgn76v3ztl5jmoozpbs7ax67ei5huayy,jw1r6u7hnptbjtsgcruupwt7b1zqihmchs94p75g8uurr663jyn8tysgq8dv350r,bz8lydh6c558c7bbko2r1l9kee6mq1i35sam680o6ti36grv10y3akv0vdd7g082,1,2048,2048,2048,2048,2048,2048,2048,2048,2048
6e2n3c9yv6otmwyc3cc3g7tx35ar8vft0zx6dw2lqw8zz6wzfx0wgtosdbls1v90,2m1zvcw7mclxaq5j028e7igyio22mhuzahcyevxg2lyd3zwkq9i61c10fdzdyfmd,yapnndqukp8r8btmvu3s2wlpt91k9dmvh8e424y3e4awgqp54n94mxy7f0vvj1vo,1,2048,2048,2048,2048,2048,2048,2048,2048,2048
u9y4hh3kxivqspmnuknw5chebcjjxycpe2jxkhbxeutre91rtd9upnzow2kxac23,akzo3okclpj6irdzdcoupw61euf8oe7zw3s1fj4uzw258fb7om8v8v7g83rauq3p,0fl8j5c1t7i2bc5iuv4c866cvkokzhtl2vb1ds31llbqwm4xibyuyucyrtjzun6j,1,2048,2048,2048,2048,2048,2048,2048,2048,2048
t34d18z6wl4vp87e6wf3fvffud30kk3oy3l78ko6hprz2ng5i47vupjdb80v47rz,miv7zrci317ip87i5eu9qiqo1hnbxctvd8z6l22buqpu76flfzj3fequ50jrns9u,j4coqxqp10i4j78ghlnkq0w8z4hndc928delyy8ik5j3chqo58bxn4zuhzs8qwrg,1,2048,2048,2048,2048,2048,2048,2048,2048,2048
qfnh68hagpb86tu6qbjbkl5c8qk6l7gswene1ardy1bdef1bamg6ptf1oimv8i0j,m75s6lr52k19hthmnwktou3x1t180576n9wyntxeujder68owzrmkcpjixt92nue,j28tiq4ktda7gc4lmf26vbmmj7ojpqegt2ivldysvs4u1vgsyctzaqzk8dk1c0do,1,2048,2048,2048,2048,2048,2048,2048,2048,2048
714reztantrd2i0sedt2lrk21vwh6x6wrbimy6q2c1vqgva38c7xudozk6wa5jw1,m06ld7l02dx1e3j6ipis18dclcftdmour7308uo9exzwr3lf6aq87mv2jchrmtdj,sea5daowa3w81lve2uu4zvcwb4165bcsgjylweal1czth6bw408qy64bh3w889o4,1,2048,2048,2048,2048,2048,2048,2048,2048,2048
ppe90wy5cw4ju8wvovtzc1dtmdbi9vqq73klkk6i9wjzx8nqzb5hp6g7fs46gpxk,ry0rwq62sfkcbeen1yubhjz4rjhebie4txd0m3duah3rui8j9791100r50g2k08a,os8ggbw087bnbc6dtec8bjhq0wjzg8m2i3z8ocfjztuby38d0r63kvxfat3d7ru2,1,2048,2048,2048,2048,2048,2048,2048,2048,2048
do1zm9rpw73wbsrax2lv58yrgbe3wczt1y76xk7azwzq293kqhdzgwo2sr7qmqqe,py37rglwee869lvd469lld1zt1m3hzzhcs7dr91b5logisnzsickg019wij8kwrt,loohaq0nop2fm1h8atqrypg1r6eaqb28nywj7dfummi5xbpymc0gngu3tjw9eb5c,1,2048,2048,2048,2048,2048,2048,2048,2048,2048
ms4q54mx1tmstm375mslpqc4ljtzges9b8tlfvk29wr7tx45g6m5h0c2yqlecn70,30qe7c5b4u4oydws4xf3baw54q8brgayri1mp8t2l4pz5aeetp367in3xn2yg63z,ol2oo8s655ubswzarwl0iy5d8ef5b5c1sq8cvmqduwjnrm6pc3v1ekkq63ix66wx,1,2048,2048,2048,2048,2048,2048,2048,2048,2048
cwsbuvz145pmay5du7g4e00ahdldci9pk0crfw38i1cvdp2srgsy8noqeylp65xa,c4h77vakdmgdp0xpi2yn6inf1ohzesjo1m8j8j5ui28ze5fiogmu5732tasgbugw,0mrhu7p30jat7hxi8hxzb6haqjl9uo0971vsneypl64j1cqb0djshzktaz1xeyru,1,2048,2048,2048,2048,2048,2048,2048,2048,2048
cogwsajr9q4bj5r84jjeevvdmty9nowz3btliyefnddd2cf05ie21rx27wpjgbyi,qnulhrjvkn0vtpd9cduztzbaltjdy251lufe1etpdi84y8tnagit8ul2k72kuhxp,vt3efdb7mwq55xwa89njoaeil05xhwrhdnzm6pbpr4pi8lwonuw3cbr3m5nz7t8j,1,2048,2048,2048,2048,2048,2048,2048,2048,2048
e9eiv00klrrp14xqxlna3fusq9rszczpsu2qfrmwvidg65gq4gyxjnvpbhhmvvti,heyoqhf1om8ml46nbvpbxm7a39e0ejlf2hrz7o2urybg9px0oeq3qef50sq2app5,bsj0q1xmcxd7dtws9xrpspkzz109mc40bdavzjqx7etf0eedylq1w7v3y8l2ckqx,1,2048,2048,2048,2048,2048,2048,2048,2048,2048
0ccn3jxh4nt2r6alpf55zcewtk8je1nnhti66xapo5rg3u7j2a4bhfpdey2juqk0,u7lczd5h8qkvn09jopvyszbj9r0iyjol9gv4mzi6i9o2wojrtn35k7j6oz037rjz,cagzt8in8jtveka6b3jag38peiihbywh6j2bw6sqjb5zjrz7zqmuu0gs7dzhqoju,1,2048,2048,2048,2048,2048,2048,2048,2048,2048
5ygav38ei79nuiufoy018z2jnd9m9glh7n23j215ovahhqhp6h1exun5q6d9x9pm,3ctzree8y46pbi02farcwbckhb7ebex062eumg4jtv40ceyv07bb8bm7pycznx0x,zeijxxirqh4ellaae121oie0ldxludcnv74g0eawcd5zu47ehmr9oeayax926ckw,1,2048,2048,2048,2048,2048,2048,2048,2048,2048
e4k20xqubwgmjvdzr4yflx35oed7yzj68999yoc752132d39ph5s3e6dqxu51mes,g0da1awp0qq7izt8eysbrmcvqycbdokxfgcavgfvdetfeq737w5412726do53om8,dhxg3ls4tz0weyccu5lnhp0l5cqfwx3xmq7kgyogyy016uj2fniwfjjbe79u8rc7,1,2048,2048,2048,2048,2048,2048,2048,2048,2048
53l27pgr3vizqbtac1r0xjvlk6mbe52jtzochuubg7kiinbp12e1i4dtfrj1gfg8,5swdywoe0yhb8ox9jyvzefv580zbl9p656i5a3fpctu28yq4ptsvk4h2gg9wfnvh,4c2ch8f0d5w41za3ttn5tpf3hdxymq9xumunq6i90bvpdtrco0ctk8y5mxmlsbjn,1,2048,2048,2048,2048,2048,2048,2048,2048,2048
jzhbxs6w8gqm7fugfqsqsds5fo2n94di543uf3vicnjyy7b1uxl4w4pys9r5ol2s,au38t9f359fsnss87e5mwrbv8gbl6bu199a3zv6lkbk3us7oi2myazwsazild81d,d6mo1frqr43uwupbus4m4dvf5rb8eatfzv1n74vsy9pvin2jc4njznez5m13y43a,1,2048,2048,2048,2048,2048,2048,2048,2048,2048
hyyphycfuluu075qaysl0v8vimzl8deb8m1jltiihflqnx4v8nwp8h0c8fm861d1,kpi03b7cwz9fnw3khwv0544i5f4h4xcwa0lw7fjza8yt8mdbcvxlvl7sd4y5nrvc,c8xtsvie0q7s3vpox2su2vzhdngbjtbnh11883p2njeqdtad4leb6wh0d7exl6zm,1,2048,2048,2048,2048,2048,2048,2048,2048,2048
mzz98ageq797it94lf6lhz8zwv7m5r8ckn9key7jzudkcbay6tdrua4scmojrzvd,pf013j0gh5i9rxf53it5i5amvj64j8gpidd03u35bbwbdi69zorwv4wqwitw51k5,ql6h0kc0fcn6ngnq85mgec2hjzkagwckcw6r1huluxokvukezo5e6up3i6081pjg,1,2048,2048,2048,2048,2048,2048,2048,2048,2048
8kk6biqpnzjdzowl5d6tuw7aqb88kvpwh7dzmbyyarnbnknxdl9fpnq7jz85q0gx,chrserdji495eqx01it4fajmne1cja2r6zbkfcmqvykdtzdj7o8snzec0v1zb0fk,rgie4s55kzdwd7xiw96842zm6thwlli6yrrqp9fyv3yutynpl8uz3f0ampl8tqri,1,2048,2048,2048,2048,2048,2048,2048,2048,2048
qg0iwmyljvr9rhkuadrg9ic0cl7sv1hsmdkakvql5oflvubzrju2dni9avjtup5u,8du2l8w2dstq2bg8u3k2opxkzwzr7vxiao9fkczmu7s56jgngosp4f8v6rdhtf9u,4a3md5vsqdguf6qqb20xrx42e9aycw4ztydp2arpw0fb0u8v6nj67y6i8of8k9zu,1,2048,2048,2048,2048,2048,2048,2048,2048,2048
27g0q3x6taql4e8u95okyc1eh8p8fpyazywf5c49vui1kv9dl585gx9k11ufk9mw,kjbazz2kzgqw7zw9v3yka4he8y38nmtf4gtn78usgtjsx3sqwmlv98vpanyxn76k,3okk6zb7evthbof7ge7f5kvrmasyzbmf7xemzkfuvym7omxbe3jp0rsox6d061gd,1,2048,2048,2048,2048,2048,2048,2048,2048,2048
cqy6cq8a6e9aoycqygbub90hepoxj7udc0jhorpggtmah5cxafoxw2zl422qh3ec,lbn4jyzacaa0l6or8gplu9yrx27ukvm8ptuqen9q9yvdbgwof5c7xqou5eb6q3p5,jgzrw845suifzxhctqsqq9a2vbtiwx4p5514pgj3huvlhmoprx6syvr7qa81f8nm,1,2048,2048,2048,2048,2048,2048,2048,2048,2048
cgbzlf6utbhrzreohxnjtdjalpbckxsdoz3mep0o5w34fp13h4gkho3rah0gj60u,hykzj8kft4t3ywxp0o08onxcsrsq6g5iadz42y4oi09eab0fugcemjtzyfi2o7w1,zwskw4aocj73qu9vnzhgjqkla3fbkxa16rkvw0obuysoyn11accd93xw9oszydh5,1,2048,2048,2048,2048,2048,2048,2048,2048,2048
90g22mrqzzp0ly1l98c5s5vtk7hx9e7vf4vlt8fzfg4ndmkcxxn5bppnj3lqxx4o,ineadh5hbns2zv7a3uixhww9hven25c1pe6gm1r5j423x4hcc56iivy4uympez6y,69qt9sxc5pbdmmdchhhul06it9cr67lwvlgpfavkdcxtcaxwhsv790i436u2t7hm,1,2048,2048,2048,2048,2048,2048,2048,2048,2048
x3tsl1zul25dvln8vdxrc6pf36036lyu1qatiq1yk6uwfv6ucn24bovrxq1z8amf,4qect97jhpkuim85u0jw4nhdie2ugb3d5jaj0yinznyzxwk9ihilaklzrnmmnzjg,0ypu6ll30uianenyculyi9kw0rd37qxf1fqjbg6fz6c7dqbw4q7lnf339ugakofo,1,2048,2048,2048,2048,2048,2048,2048,2048,2048
kf9fnd1erky1aq72qdvhg8nauvohd3459t4o4ln250c2izfz1yt3yxyvuojmcuyl,8ezf1632d6ubiq46x7puyec3qep9rx4kcub918fh0caxf19o9g3zllfubm97ux6p,ht4b8zi7cq6vzxrgnwvprztivlvsjiewoebqcg4tc6hh6yz4c8706nu83co024dd,1,2048,2048,2048,2048,2048,2048,2048,2048,2048
bu7bchq9zcaonfkwtkif3im64x5cb495gtktxx8d0iqk2wcofw82brn4h99cpt7i,6e3br831d7kx0a8qtk9x88s812ulzas26oysnyfco7g1jacfl5e8as165jsl6dwz,vnfyqqlxf0zlfwtpw1c21zeyjpna4646s7mhbtlageolp3borbrm7bc5o7lfr6sy,1,2048,2048,2048,2048,2048,2048,2048,2048,2048
lxrgaj9zygjlxxqfdune608nyps3wc6347mnsnbtpwtj2l993nwwq2vrh75wob63,jjkyqj6wxdeqqyajootu5kohq08deckk9zeyir3ikoz042962rf0oszlifh6bti6,i0cd9995zd02o6cps2qm3zxtermz36vu1ztb4vdxxfushydk0sw0lf43fexcwdbr,1,2048,2048,2048,2048,2048,2048,2048,2048,2048
cr4sfi7l9855pallx0dvg5ezs4s275ttirbvi7xgm3uk7281brg8lzlzhtm2j78x,fmvilhswkil00e02o5mifyy1u9jgsrk8i41qke4jgl8ztfyn17n5i47q9hitxf76,s50rdonl24f5esjfsya7twt9zj9l8d8h7f6mvigr6znd9517j45kiaw0yc56w5lq,1,2048,2048,2048,2048,2048,2048,2048,2048,2048
4brf8tkk38b6lt2to8chgotow1bjj7ow8rtk6a28lahign2k0p1wc9eh6w3ds36o,jstsuvl6sjkqz956xg3z30dwzfv4f7uccirm7d4uon62fpu3wtbxfklrsg124puq,q12bj0gc4m32serxj3eurolrxlkp3uv96pfp1b06a31tgnv603fjcg7sqqmv2p88,1,2048,2048,2048,2048,2048,2048,2048,2048,2048
j0vmqar1n2ivhzmw5ezcook38qjpeha04ue8iubs67ck06i8ots4nxa4kn5p10qe,h3j01hh4s75n930xxxj6afkshdoar1lpsdwuzbo46rma5wrr3iez02g3j4d37cew,ar0efweoumm403u0rbbxkkvgi9zamvzlvvkzmghez89ht1cwdpaquv92z4lu573v,1,2048,2048,2048,2048,2048,2048,2048,2048,2048
gwho0j37vlh1mgbmpsjjownr0x9u1axq2rzgglymekwchvt1c5gq434i131azidi,k796ez5l9rpnek696a0dpcqpvlgcjgbd9ijwl015r98z8taqxdtm6sxlgnazwetf,nuvippdw84k4osj7hywcg07z4zd3tg8jsqdltot9xzq97d1z0ijcgyy7af0npjhs,1,2048,2048,2048,2048,2048,2048,2048,2048,2048
ubvl76a2euzhahev47arimh28hwel7tv7fezcvhvw749b9angbj4f9zknch3gtqs,b9nq7878logjc7uawtug0nlk71hxn510upccorafpev0nd3j1pojx0fxlozscnfd,w4w9d9en3wjin7avqm68wywxbceiapbqa8cch8fq60opijim9nhy50kvedtq9gdw,1,2048,2048,2048,2048,2048,2048,2048,2048,2048
rsuf2e51k241wuww6a63znn4c0dcihwrdjnehe04tx7cnx80x2m6pmr60jja1kp3,4h82zmrfspdf09ek3khgohoezq7ivb7l5148hyu4vztkcev6neixtbdt08coy3kc,63hdhtx4nhyb37wzi82t3kff4jwifcmkxoig09ui1uc5z0xhjv2cblv5aag7vnab,1,2048,2048,2048,2048,2048,2048,2048,2048,2048
e6fzcqvtu0bvvfxgtvux1lq4eua9yssgpoe3lxyjgisi6lm62twr7e5a9pej7l2a,vtnmk5yyxb1aealc813jbjppmlrh7rrt51kjdfx0ypmi4yf0326766hmy2j5qg6i,bfh5osl95y4mw2q72cqgoja9dhhypcogx0v67x8njl0k31c2p51l1dqa00295ne9,1,2048,2048,2048,2048,2048,2048,2048,2048,2048
aobh66cbc8bxw4yilk1js5dahxcno0mv34001kwiaeggatu1im6xyikg9r62fldf,7d5gnz8eko5g43gl0ncertgcp1dgnqs72dttcs6q87qv2c5q1kiawcobyvla7q8n,t2x943yz0bw8ywt7nhe8h563tv0fmkgvxn28y8dqzo7r9zcitzep53ns7nn7qedg,1,2048,2048,2048,2048,2048,2048,2048,2048,2048
aw6tdizeqx715ii68o16ftodh7a097z1l226e7cia877je5eruqpmm73qar5h6de,rvxsrrl4o2vfyrjwg705w77bdk7jkz2pyjna2k0rxzyb259z2t7v1r4rqp6lv1wd,kgcxdcpyeml1vkyroer0akicvtf22piundt4ugtpdlq0mnru8l6oznpf3fjjrwvc,1,2048,2048,2048,2048,2048,2048,2048,2048,2048
kue1ujvfyn63uqos34tlj28ckkeviavd2y8imejhh0p54w45d9jphae4678w3r4m,ykk00q7dmmbrsxby0ww53nparxl1ajkgjrchzfboua6qqpoyzr54x39t7ak7uezm,rewuufv9mu5ryr5cxhwrza63e1n3cv8nbspj9unwg91dbgzgaxxsut3ertey1hg3,1,2048,2048,2048,2048,2048,2048,2048,2048,2048
arpajfnildcw29wyvmj4pvmcg9z7fpdvd9465btsyrk4k1tk48ayddd0rlrxicw5,6oub3ijaszjstcznjfkbvvtqwjvjq8nxsc08t72zsi3p2ghs1qjwnghchzy2po4n,n3n756a0wfukub3h911jil7rd0n9pde0nz85bjcvv9zloi3inng1lgn0zqsu18nn,1,2048,2048,2048,2048,2048,2048,2048,2048,2048
plq8jvipo8jgogw8wm0p2cv7s3q813t7fr6gu1j39z1zgwz88n4cij9o5v07ftf8,9aa52zp79zj4710pddx2jbyxgxiy1iq07nz1bifmr8tatayg72xn846gmqj88fv3,3wgpc3pwci9h067n5b2095u8718xvdj754hfbtcrgw9vtrd3daqkepc4oc62awrb,1,2048,2048,2048,2048,2048,2048,2048,2048,2048
fmnhey866rnveq10pv0hc50gvorapsbeide0r2k1ubq514fpqqrxpqf90s37w77q,aa9t3qkjwt0y45qof21rfpoqvrkl57fdd7febufwfnxdflcu370wiv80uyyt7i5e,y4yvk3v2zrkcza4s236angd1m14tf7w7f3ejjf5egiaiqw91qzzamjsdtlkco2ro,1,2048,2048,2048,2048,2048,2048,2048,2048,2048
n4l3zmf5pma1ajcqj3e34sykn951jbgmefbwuyekj64wftfc0crydcj0crlx1iv4,vxljdxbpdh8gh035765zfnhc5arowch5tc6gnqh0qg3h05p5js5ep5sztwdo35ka,w2g1w8hqc7gsdj26m6bk9yalt9gz1psow9g81gf1jk83fyy38vlwinm5e0vzm7xh,1,2048,2048,2048,2048,2048,2048,2048,2048,2048
w5cxbmreadpm2q3r61fmrr7mb98hllqhxg5d2r8f9opmi3svvgnt1atyocf5s2pe,v9t9qvewthewaisohmfac1hf01ai8ia4bnkt91dsrt7o7kbsszgybfcgvrksnj5w,wq6hb1h76f5c7xoo70c8hckvgoemi85g5tm3iw2eqny9tbvfe6jphp4ejvcu1vi5,1,2048,2048,2048,2048,2048,2048,2048,2048,2048
wqm66kox81922o05ipcrkb80hckjdblztlgbiqknlv0ak5ig3wao0x5y3h7qdi57,1fg95k9xgj3qkgcngflgb9llur2h43s7rtbhn14o1q4l7rz8ztkq2065cu0ui414,qvqug7um0t8rq45a56i91a6eq2o4uzu5l4j3jtko0veiy5hmvhhtm39wjvzpoie0,1,2048,2048,2048,2048,2048,2048,2048,2048,2048
0utpv8j34ar8lh2mer8b0od5z4dq940hno3gipccwrxgoad3zaghz2ofuneh4nzg,1k4o3sg57h5fet2hl0gqfydyuhx2vsfth6e3g3xtpthnfoi7lo00m75skdxar6ke,xn0u5putkg2bfht2nwjrce0ety8h0wmn9gba6xpavhtccrhdrsgb0kzz1l5om7zu,1,2048,2048,2048,2048,2048,2048,2048,2048,2048
yj2nvm2gpggszntfp7utd8c9x15wnjez8b3kybtn4tgbikel5298pjzdf7ixe6mn,31a3k870iw6emd3bb6booxdy4myt4igf5h4nfv1dcoed9kxk7nth4pga57jct02i,yyqx0reocfei34c9slxmmwt8raivpmjxufxsljpnzauhv3i7cyea150if97b2u2o,1,2048,2048,2048,2048,2048,2048,2048,2048,2048
7vh2y4tzy8c45o3upmcujja2cpfsqpmig5uixhlztog2cfifk5bdxkkebpjarzpi,p5klexz3wssqgkjp0vp12ah9gribqnop7mv3t1agsvj3k0zymnvdh5v51okteb6b,xqktww06vuczh5jsm2we6kqsi0d79kkdbqr4c8tms1qyqqpd9mboeah791le3qlq,1,2048,2048,2048,2048,2048,2048,2048,2048,2048
gj2girzna46gehwknmdpau5lubywbulp5j69n12tly3aruydtvfivx7dz4rf6aw9,7z2fdxhtemlqotl8kwk1uvf1vq1pwie26rkv3ts01fsrtsg8w2raz92batj00asw,2bp6u6d3awkt88lncusphdt0dtd33iq53554v8lwvc4kxrcl7b1r8y8h7pjhk8zi,1,2048,2048,2048,2048,2048,2048,2048,2048,2048
3ij9qmyyfbkhqghlo6z3iklo33gbkbydhfqxgwtm0g00vbl3u48poi3dd87eyf8c,nyltxe4a1vvh50rfi5htts91oeba3kfaoz19bbwasxxvl7fqxguxu4adqw37gtfa,qendlfoswiwwojhlcu45t3alz3jjpns5awj33o4ac7njxjw9axxlhwb6w98op89z,1,2048,2048,2048,2048,2048,2048,2048,2048,2048
8u9slhrnknym39br9f7tvxzrchdp4ugz8ce1oilqwf8wpolwnbyb5ouy4ljuf605,fejh9flnbhrkg22ycjz9fo77rkds05nmnc9k2qf0b85zqsjmfwvrv2t3bx57r2mu,diarfv7je7swon5x07m1lzdmklr92a5rvk3wqu55hnpde06rfu10ypmzh8v5zy40,1,2048,2048,2048,2048,2048,2048,2048,2048,2048
bld3r6wpeifzx0csu4v7a8btmgalugkreys0ewph5fucywt7u0txe364696vukre,dxiqmgsxx367fvatequ1u4xpnk2yxd33s5h3kewipq6k8fn6xrhh2du48aboid3h,dmjc519z9kzk5jma4qbr3ys9pusy6ynyiowsxyl7wptsxajwh46k3ic1y5h79dhb,1,2048,2048,2048,2048,2048,2048,2048,2048,2048
alg07q7y5xjz8lml3196id7jxtuztf8dy893w7vyzk3mx294xy162ggxscd21ntt,x28heg0l55vbi4va4r9v3c21scfbh2xtc4e9yj6exy7vrca6asb5kompxf6tj6m8,kylsrikw1zngo8uji8whyo0o9a2olmhxcoe19dzutzasaqtfgyqhbhlscdta01sy,1,2048,2048,2048,2048,2048,2048,2048,2048,2048
8d6r030lz3da50fh16nduqka85vv9ipla0qa86oel0vgdz472easqnurw29dtm9g,0ffywo7476gsixatii29r0qofh2w0thvst9ti25c5w7scungo17ptvhfd6dxmx5f,0x9iev4p5y1fctkl8v7tj8gq6yvjc938zdzx228bhob4hlcxjc40456zqipbz5be,1,2048,2048,2048,2048,2048,2048,2048,2048,2048
06krfv26vu1b7srf2vip9j1ini7b2dp6ucmhu9fd7ropnososc159tteyyja7swt,bdjxkpkq0ws1cmaul8y3dmhtc4x3lhajj7bbbs8w8imaf9rjdq4uy7uj6lnedw6c,xj6o2oudi5q68h3l0enuekg7cldbaamdtwlo7yugwr4cyuznnxvg0kvio7nhgywu,1,2048,2048,2048,2048,2048,2048,2048,2048,2048
ri4jco1qfb8cajozl2so7nihh7jmhe7xrzulie09ys623pwf82z97bc1hzk24ri6,t44ipf3p5eikbj9u7x352veg36sxmrg34j03kdrv41u277shqih2ofzplaj7koot,n159fqlt78qhxu1rh1f1huig5nubpmb6iswywgc0vvkvlce0fpc9623y283ijxh9,1,2048,2048,2048,2048,2048,2048,2048,2048,2048
kn312lv9z1xzcxc4nv8xqujqi05x81hztpyqgx8jevdgdgkie19lzd6h3ti24m2c,ci9ofrvsqr9y782k2wcf11i4eiuu8ynw2v7opn8vatajnp82s0c07nvmpi2ay4de,9z0fz8yhrf1slx43av444g54hkiqqltdvyoxjb343favvriqcr6dlajstc3tcf36,1,2048,2048,2048,2048,2048,2048,2048,2048,2048
9p0pyv2rweuswm2ozjwjv26mkjec6y5bjmcs5xc05vtoft7gvvuc40312hvkq9om,3dct1txtf0vonjaz65wmmg0ifvprdzjo47kgjrl01a3yrnoldd52wh9qrbczlng6,lgb9tjyyses9qysc2xnstknx4wrjq99yxlk1uru43mo4fbs0focwm1xqtvlhdtew,1,2048,2048,2048,2048,2048,2048,2048,2048,2048
1gq4rbn9u8lv0znpdpfnb2jm4fcm8zhb2mu96z0mlrmmjochd78bx11r8363er7r,yzjwqh17gwhjso7h0q2c4245th2uymxdrx4trnvc3ot4ntwzuisrg2f61eldov7y,abwhoxfdsbe6ywgzpu48sgixpzbms2toa3w8wnbgmv0rjmgvm8htb58ejf3500d6,1,2048,2048,2048,2048,2048,2048,2048,2048,2048
nuaqd114om5f32ltjh8o8p70ffdtt80lv54v6qvjb26c9gldllne6awb90fhi325,1zr7ndp4130zx1h0523sjchw8hkni6p7rcl1nobdaiq914bpa9nmhj88sapgyk0o,h5uv996q7wpjst2zjl7iigxl2h4g16llyhvnw89ruhutln9548ko9muxlwanhh8e,1,2048,2048,2048,2048,2048,2048,2048,2048,2048
p43t9ue5pihienok9lrnyotwtvlv73qd3fksw9w1y3crga3s0kw6v7336rb7zygn,vmfz8484lm10kfjgs7vwddjxd3d1fsy0p8nrnt8h4hlupixqo6pngwzgy7ke3a9n,hxb9ys70ai6l2534y90k988nh6k7rl7o8i3oqd0idhcpg8rfrmzxbc1j5nn818mg,1,2048,2048,2048,2048,2048,2048,2048,2048,2048
95kzdhcxoeunjulqlc1xkl70gauav7odzy5qrkf78wvb09szfi4z0ltl2mehb1z5,gyxlt2ew9cluqo9fons8kekzyiii3f3iy523sfwgwsnhm1zz0edydchxjtdpvt8z,4rqpoohxvfbx8o1vksayif3ehjwgzsjzf8oowza068f070kqsbbfi26crf5br00d,1,2048,2048,2048,2048,2048,2048,2048,2048,2048
hilxhq19u6emwbb1jcb1vbkh2ogohdlv1qtwsgkbgqyshl06rtfmbbk14g290rda,mw0tdgdfu92erjyv5ca9a5j33gh8xfxva9b88np86wlpq4db0xkp9tgq3q1wm0yl,lyoof91t1t17owefg2a4vy6jpxoogf386j334mg8yv7qtur1fo2trkfikluwnonx,1,2048,2048,2048,2048,2048,2048,2048,2048,2048
gewxiiyfxawzb7q7jphc5arpozkw4l0by1d9e4m5rjss4npnqyv5ey33gdwl4er4,sa8i4adn7geibxyxt9j8jtftifzn6h5oj6wkhm6rufgp2w2nrje5r424qd7a0zlb,rbasgryi006vbsrvauga90ligql4ew6qq8k42gu9jb5aqkjx7tlm41fzyfhmd18t,1,2048,2048,2048,2048,2048,2048,2048,2048,2048
tncme3hcknfm3ny6835svdan40g1rto1okkpxjluh6oms7641eqkecuc1hrskgr9,0ij978je016jy4lm366xlzahy90olqi8bmt66lkvo4do7dbth2b30usymngcabmc,3widyz6g4fcru6yfbbc4gndybyibr1ffmzv8zjhdli0yaz3bio58gwax669jg7ka,1,2048,2048,2048,2048,2048,2048,2048,2048,2048
i5to61nbp5kqtstupsrw7aye3or5877zeth2tvcwg3wgdbi5iye3myuwdhos96ny,62i1ydx954u3dsi8bp1qrajam0i0ado5abxgakzajca99ojuvaxgj5uo9lutv4cj,5yx16s33m1dyz3fd02sy9plp06htz5tbxbnx5mmftzjuo6gckutx1y1k6wgiumgx,1,2048,2048,2048,2048,2048,2048,2048,2048,2048
eeyjugoz8kmphpe3fww3odg3lahnc461gmalqvl4mjuzast7q4wtoa07erchukex,igfmcav7ttnlf1n6x7epliqikm3mg8a8njssmlxkp5403a83qbhykqovf0dpvfn9,k9v9fm69ojley0s19i8sjgzgt65z9tsamrztyqjztnz2q99trj9gviqnp0y9241w,1,2048,2048,2048,2048,2048,2048,2048,2048,2048
52d0l8oeg1x28y0cn269tupocvgqz4egkdvz8qh66adqwpg3yzcusm7g3cqe2n22,tlifmqcbh2vea7eusc0qdpvclfl0t5w2zrteqbi3gzv50rr78rzzzwtc6o6yfo82,rqis0hhr9g5dogxvgabt2o0i1qksl0fsivahx6copihk4hsuo1aungyg8xl491xt,1,2048,2048,2048,2048,2048,2048,2048,2048,2048
rq16bcvp9qidcyy1zg95p9opkx503vtlav84xk02fsc5jmdurixsch5ozky87zvx,64lmrh3zzwxima08xzsf3g0tyt42o0duch8j2mjcy5ucyts1fuqfwmtftzxjg9z5,gvbmyeq2gkqvrk6ecbydmehu0x2notxv1tt3yj3m5o93n64oytovjq20f88cno1x,1,2048,2048,2048,2048,2048,2048,2048,2048,2048
0a7en9u2glbrwo77hfef33aotpl4i7512h1pfwcpofcmki8eh5fetk59n3h2dviq,lhb0cqgwc0gl5p91jkvjt2l9a0u0lqygs5gapfquuyg8lz57zla6r2i4si0680mw,q658fdqz7ff5iqjsmgv78l97lzg6zyi6wjdvelk83xd9bio3b99slfopr4j06bvs,1,2048,2048,2048,2048,2048,2048,2048,2048,2048
oxkrul9klf2dwqb40zaozei3ombdy5dn06vi9tsntceph1zk0xsur0zka087av1m,1dwvc3nkxqvx34p8dnoq838vo907zgz9g220ozh74znswhjpeuvbg24mo1dqddfo,ue5merwimytnddtwp67kfmveibyqa7ukhfj21h0nrvypgmklzd9u4rhtdy5wdci5,1,2048,2048,2048,2048,2048,2048,2048,2048,2048
cm7piwxoc9cjgos3td52m96hw0yjcuiiym6agz3h5fsvyqhwjp7jwycrwh68oiye,ta2i6ugewe25e8xle4xjmi0lkl5sphnir79y69kelgtcs37qe527kthugedhgcq9,oxjxeonr6oexqexnwqpw66exjesvi1ym33xdodi4bin4m1zzct5zu8oxfpnfjz7l,1,2048,2048,2048,2048,2048,2048,2048,2048,2048
mj44hb1i8c4nzn78g5ag3v3jzej42ad1okncoai2gp6c9qwzq45dwbotrxslukrx,asy3pt6ik8s779g0wdg0mfhr8iynwmgqooarseexsaysx031qpn1hnj33060q9qq,nm6mica6o1ygdxfnsdix1zg918snrvie4uizj2k2lij4indv0zrlhr669espmra6,1,2048,2048,2048,2048,2048,2048,2048,2048,2048
f7iemk5luvfpv5c3zm93rq2usdta2kv5g4kzyuxtsx0vuig756kp9w2iibq6kij4,oxzd91qn3qvyrxon84k58bu3bsuhlhgcf1mqh39hylawgqm3fuxea692wpvmm8nm,wwjd39v9r1klxd1dhi7ns17zqd5vx3pkk5i2tusfyd5ztmupthcazjub483j8755,1,2048,2048,2048,2048,2048,2048,2048,2048,2048
lb2oxj8tovfpc09e0i4ap6ochmep8dpuci1hg0jw8jp338yqj7qp2nkfb1us1ldv,qyvb9gltstj16ei2fjfg0te3gvkj7k1qrsv7tzkod72et6vpl5af9j83iw12xnhg,ndg9a6i5nyjljhkz5hmnff6irovbwkdrbht84jlc1rgifiufs2givadiu09p270f,1,2048,2048,2048,2048,2048,2048,2048,2048,2048
fzdphn60tx6tnpsoenfda68x5t2thz0qwtotabp3jvepz1udo9d2sqdnoy404l4w,1w3cfc55wcp9pvav3locoa7b93o8j9i8khy4wfmmchia0h3s3rqcwbg35ibtfzq1,h1bl8pylde5xfirvm96ssu7svycy8bvoqhwpgk3920iizfpdejrbvx5wri5zfyac,1,2048,2048,2048,2048,2048,2048,2048,2048,2048
vs8pja9l1ow4qvyw4n1tw6g80dc9ahwwm38a044cy4yh5gpzt8mgeqlhicmhw3r3,6lo7kj97peab9kfcp83763mcx1xcyxbgkgjnuxpo2cqg830xtrbvivzl8d72flkp,bnj7yr586z68lvqglcvs1tjk4s57ji766dt5wa7avum78dk9q08o2pl2oebw16um,1,2048,2048,2048,2048,2048,2048,2048,2048,2048
x4a0l3vgykh0cpjxcfvpzhphqisveol2kcxe9hlm0gt9ljuy6aawqlpnq8cgcn27,iuxrlyrrqz4lwb5h2mu518w3p2qb5pptknvj3asx3gdja0gre6attkhe8vlwzpfv,wyklr3hnl4wbd9btqf1kbg53ti063srt1j9xpd38u9m1gxqiqmx2ap7ge2h3n338,1,2048,2048,2048,2048,2048,2048,2048,2048,2048
l5ywwvg2i0f67a8ziomonkvzeuoq5jy4tptfhf7rjo2zhqu7ckuqctf634bieglx,xyjfvux5crr58k5g4vsmvfel50xnhyrtfh2pkuv0hybu1r5xkugphlvhad8hcu27,plyacx0lg2a8nfw1q2ackom9qoubwm66xzi2qq3aqz2udr7dh0oxcdbb8ue3ai46,1,2048,2048,2048,2048,2048,2048,2048,2048,2048
2g3ik1j0o1c129kkpi07dstl4ksg91hnwwobhysjlttwna04dan3j5u6o3f4v6rg,ll3ntic17fshagmx2dqxyl9xmmi517nee1mfzxt23ji05mltkga4o9z804j6czdm,lztvd7jn6sugkb5v9hlo9l6j49lfew1yyth8ukuxuhn3dadl3tbrhorwt30dtt0x,1,2048,2048,2048,2048,2048,2048,2048,2048,2048
dgimxlrhnp7iozs36x6m1jmyxwat9ku3tozz6iqg7slncly6oly6qhxt7vvc1all,7yp99lp2rbfjqktbp67dgxlgcbu9qna4fn4w2jsg3tkl2dfwrcq0xi5pel1c8e20,m8svn7getb08gwwhft33bu8sg4pq44y8cbde1r0txaa2cgjkbi1xvknuanmwx9id,1,2048,2048,2048,2048,2048,2048,2048,2048,2048
vqfhom4w8humpept17iy27ehsoawnm3bflulddupy32x54l6nza6ujosxtjk5q34,ug6p153y7mebtl3nyqxl7affw6opxvqtpaiykfk24044741jm5wra4eh06j81rxu,18qm5n12du8maasv1th94rmr0n64dz7fcf5aos90dztohxhd5osd3t7or1glz8yx,1,2048,2048,2048,2048,2048,2048,2048,2048,2048
u0dyoxymvvfghx7e8nfpue3cu90d4udkw396v78sl1mtn7mkx527hygo15iagldq,eagwuk7dcnwc911ubiabdt1mqx2s63dzbl6exx8dyk0z12zyb7yjib7s9lqxs6f4,kwq24kyi7foz49u7lv2rtwh9n8xmk43ln7rbkzhsl722df2oa671lk37znmlcavm,1,2048,2048,2048,2048,2048,2048,2048,2048,2048
rn3rpp9o5jj40zv55j9sxizeg3aklglz5pxs4p7usmk5nb0l9l0r2gpxtuszpkl6,gqq8z347menvt3ug0dmgq1cz80vgusqoybo0wcj5nbnbgumueguuy6rvrq8rd8ze,w20k897gj9egp2v4cziei7od4l45pdqde3ygyla6u05yhrrhzpddtvohnkfj3gb3,1,2048,2048,2048,2048,2048,2048,2048,2048,2048
s91d052w9btze1lvp65uj2rm79udaw3nxy778z51pe74gbcsghap7fbsplr913kl,5kmcogslggbf8azcgebj6bpeiiqxf2qbdp4st94fm3ha9w3tklynu54h53blsj2e,83g64du7k12smuviz8o156pgdmp8xgjfx2fnbxyytujjh0d2dklko96fn4tmspfa,1,2048,2048,2048,2048,2048,2048,2048,2048,2048
49w3gqgsy4a36f094abvug748p7osyxw9rdsaw16vrkl8hxtrf32pdmjeufylh7j,zdxzhgpzqdetf6xhr2etv6aaf1ldi5jts48ms90dt47l7swlv1n4d665psm5kfmj,6280uhem4j083h278kvlsl2g1i6mmp64g57px7ysypvdkfcj7kyroz1qom0od9w5,1,2048,2048,2048,2048,2048,2048,2048,2048,2048
4es1x4ttb9vmd44mky78fwn0luykzinb8m3akbiynuoux5br9mxpjlx2fyxnl8v9,w35tpv6k538aphzfcgsofkkwji8qs4h6xp5zxohe0f62i6nb6zv6y3evb6wozgis,oluxa30c6kntw8e1g34s4v4r88etj79iq3bu57cp9idujpjqvmelolckpgj3e11i,1,2048,2048,2048,2048,2048,2048,2048,2048,2048
gq1k16hqamnyxtrd1zguzzwla0kw23y2kpvzug83tkx9ilo80pl71lrfyemq2fpo,4imd9ye179cx5dq32zcc7tyypz3vmgivvztli5y08iaiy0ux0zfvn4ek3ylahixu,ifq22qsn596zyed2y3p788ci7aj3pwiwwgn1p0a6gulue4brgwytpgltapoqhayr,1,2048,2048,2048,2048,2048,2048,2048,2048,2048
3mkd1v9br83ln04be3whss7etsgkyzzefktcqoyn4g9vm0mbadhpuc4uk5su58zq,70zev7qacuqzmiuwb5w6pt8z1lcxq2llrufbmxwojkm60mkgxri0guusodrspa0o,9a3r048oqbpk378k1wn2xzl6ij5a5c96l9qi8s12frv9lr5ceevgtue18nwg4yja,1,2048,2048,2048,2048,2048,2048,2048,2048,2048
qd25rlhtof3ihyu5hnp8qwkr8bnm98vbgpskg3p4j4przmksk54s5es62pbtflyc,8jcfm20ga67yhgorhqnlc0n1a0clqxagkztizjyg7b5qukt9zdl75bhpneja8mts,91bvu5lpfgrhv588glkash6vwt5nfuxoxtizgzuzs5lao6v9b4d83p5p4kapmnav,1,2048,2048,2048,2048,2048,2048,2048,2048,2048
c730j7u1qry94pmas8tzm87mbgnqersbsmcgugn74i7xzbwnz4qikl3vok13n9rx,vlt7rubs2s3bbtyb9aslu2tow8lbeui9akuy22xg2yho65dnalyk9z8x7y235nu0,5c08k2wmoccss1r7a3e93ggmk6wrffzq3jnptq0lfnnhoajw5j7hf1jqh6sbpwhp,1,2048,2048,2048,2048,2048,2048,2048,2048,2048
2e4paaralz90ghietd48kw7od49bjfjo3oo5dkk2ue31baow8sk6nptuxhccq8fi,wq1a8ybcwaqfqe6wwktbd6xrn2n8fi4eaaafmkktenctc3cppf9a5sbsr2fv5afa,zgqkcuj2ykhokeelz7hkj66rsy2u58yixfywy6j6ezd2ylz763jlrmdl6rhejn2w,1,2048,2048,2048,2048,2048,2048,2048,2048,2048
ecnaj3s95lzh5l5w3g58hau8e9wx630d2wsjdt4auhswwk3iazeheu8gbg2nn1bh,dll49hbkumai2bx624iqz1hu6wlu2gfdsf3btyy734isd40aunw7g62uq2i04fft,c9kyx4vctz634uqnbrdfexlwsfouk72c42aiiltkccrqdfg3j6pncuxh4xlysu36,1,2048,2048,2048,2048,2048,2048,2048,2048,2048
e9l2547f45mgjdh03g6s1qvv6vhulmgf5fxl1s12tne43kxhmvw28wwyo1jnfrpc,u1cvquv2svr9otj754gyo5zgo961l6lnk9tmywb6kgz25ewy07k6tqj5bkb2rbrh,zv6w55x2l1jac90acelimh59pu9snawlysvvq9qj6ayvaiwbeivww3c5qq5eza6p,1,2048,2048,2048,2048,2048,2048,2048,2048,2048
39bc0tmtrllzepj94faut978ts29t1zd8m4j759bndqcne10vhhos8dhmpsc89ys,ai66zm25zefj16c3wxawwujzusb1vnutqb8lcgl68pbn0edtrunp830cvbfve1rc,9k1x2lpgjsop1a13zax1aznwj8vloy8zubzvrq35ppf8dp2sr4gzyr7w3fpgvalt,1,2048,2048,2048,2048,2048,2048,2048,2048,2048
er2oxrqmsxvnamt6zzxdwc6of010gz4qrjub7mby0ehe9adpq1a74ehxyte6z3f6,94lkslr6w0wojshwbzh4x58lsd9icte6ggxthz71n8cwn752aa5uas8ir7xq0vne,kqu3fof1ys7kejarqjm3loa0503y2h6on1cc7p9ray0kpzvik6b9c3dsn281c21e,1,2048,2048,2048,2048,2048,2048,2048,2048,2048
1fioij58kgv9bdjcmcp0p7vemlq5fjdve8fo3l0rlo8nnw4x239nqrqo51gy7mcq,2b97duya13nlrhe18203n2qihcg4rgkk87s5lbmjzm3mp1yo91sn6d3ve4kyd0pd,7ljbsdgloly7lksmvrpnb62cehh2iti0gmsfxg5rtjahmp36hlcofu12dzpyccxm,1,2048,2048,2048,2048,2048,2048,2048,2048,2048
